observableId	simulationConditionId	measurement	time
A_OD600	c_1	0.01085	0.0
A_OD600	c_1	0.011997	0.5
A_OD600	c_1	0.013258	1.0
A_OD600	c_1	0.014656	1.5
A_OD600	c_1	0.016188	2.0
A_OD600	c_1	0.017865	2.5
A_OD600	c_1	0.019696	3.0
A_OD600	c_1	0.021692	3.5
A_OD600	c_1	0.023866	4.0
A_OD600	c_1	0.02624	4.5
A_OD600	c_1	0.028850999999999998	5.0
A_OD600	c_1	0.031679	5.5
A_OD600	c_1	0.034736	6.0
A_OD600	c_1	0.038034	6.5
A_OD600	c_1	0.041581	7.0
A_OD600	c_1	0.045387000000000004	7.5
A_OD600	c_1	0.049492	8.0
A_OD600	c_1	0.053896000000000006	8.5
A_OD600	c_1	0.058578	9.0
A_OD600	c_1	0.063537	9.5
A_OD600	c_1	0.068771	10.0
A_OD600	c_1	0.074274	10.5
A_OD600	c_1	0.080039	11.0
A_OD600	c_1	0.086094	11.5
A_OD600	c_1	0.092383	12.0
A_OD600	c_1	0.098875	12.5
A_OD600	c_1	0.10555	13.0
A_OD600	c_1	0.11237	13.5
A_OD600	c_1	0.11932000000000001	14.0
A_OD600	c_1	0.12636	14.5
A_OD600	c_1	0.13346	15.0
A_OD600	c_1	0.14056	15.5
A_OD600	c_1	0.14764000000000002	16.0
A_OD600	c_1	0.15465	16.5
A_OD600	c_1	0.16155999999999998	17.0
A_OD600	c_1	0.16834000000000002	17.5
A_OD600	c_1	0.17495	18.0
A_OD600	c_1	0.18135	18.5
A_OD600	c_1	0.18752	19.0
A_OD600	c_1	0.19346	19.5
A_OD600	c_1	0.19914	20.0
A_OD600	c_1	0.20457	20.5
A_OD600	c_1	0.20972	21.0
A_OD600	c_1	0.21455	21.5
A_OD600	c_1	0.21909	22.0
A_OD600	c_1	0.2234	22.5
A_OD600	c_1	0.22738000000000003	23.0
A_OD600	c_1	0.23112	23.5
A_OD600	c_2	0.0019	0.0
A_OD600	c_2	0.0021785999999999997	0.5
A_OD600	c_2	0.0025043	1.0
A_OD600	c_2	0.0028686999999999996	1.5
A_OD600	c_2	0.0032835	2.0
A_OD600	c_2	0.0037551999999999998	2.5
A_OD600	c_2	0.0043071	3.0
A_OD600	c_2	0.0049368	3.5
A_OD600	c_2	0.0056538000000000005	4.0
A_OD600	c_2	0.0064691	4.5
A_OD600	c_2	0.0073950000000000005	5.0
A_OD600	c_2	0.008445000000000001	5.5
A_OD600	c_2	0.0096428	6.0
A_OD600	c_2	0.011027	6.5
A_OD600	c_2	0.012596	7.0
A_OD600	c_2	0.014369	7.5
A_OD600	c_2	0.01637	8.0
A_OD600	c_2	0.018623	8.5
A_OD600	c_2	0.021153	9.0
A_OD600	c_2	0.024028	9.5
A_OD600	c_2	0.027280000000000002	10.0
A_OD600	c_2	0.030911	10.5
A_OD600	c_2	0.034949	11.0
A_OD600	c_2	0.039424	11.5
A_OD600	c_2	0.044363	12.0
A_OD600	c_2	0.04979	12.5
A_OD600	c_2	0.055822000000000004	13.0
A_OD600	c_2	0.062405999999999996	13.5
A_OD600	c_2	0.06952799999999999	14.0
A_OD600	c_2	0.077185	14.5
A_OD600	c_2	0.085363	15.0
A_OD600	c_2	0.094043	15.5
A_OD600	c_2	0.1032	16.0
A_OD600	c_2	0.11284000000000001	16.5
A_OD600	c_2	0.12280999999999999	17.0
A_OD600	c_2	0.13304000000000002	17.5
A_OD600	c_2	0.14345	18.0
A_OD600	c_2	0.15395	18.5
A_OD600	c_2	0.16446	19.0
A_OD600	c_2	0.17487	19.5
A_OD600	c_2	0.18505	20.0
A_OD600	c_2	0.19494	20.5
A_OD600	c_2	0.20448	21.0
A_OD600	c_2	0.21361	21.5
A_OD600	c_2	0.22229000000000002	22.0
A_OD600	c_2	0.23041	22.5
A_OD600	c_2	0.23800000000000002	23.0
A_OD600	c_2	0.24506999999999998	23.5
A_OD600	c_3	0.0049	0.0
A_OD600	c_3	0.0068593000000000005	0.5
A_OD600	c_3	0.0094971	1.0
A_OD600	c_3	0.013233000000000002	1.5
A_OD600	c_3	0.018292	2.0
A_OD600	c_3	0.025221	2.5
A_OD600	c_3	0.03483	3.0
A_OD600	c_3	0.047723	3.5
A_OD600	c_3	0.064708	4.0
A_OD600	c_3	0.086839	4.5
A_OD600	c_3	0.11499000000000001	5.0
A_OD600	c_3	0.15015	5.5
A_OD600	c_3	0.19214	6.0
A_OD600	c_3	0.24034	6.5
A_OD600	c_3	0.29299000000000003	7.0
A_OD600	c_3	0.34749	7.5
A_OD600	c_3	0.40076	8.0
A_OD600	c_3	0.45048999999999995	8.5
A_OD600	c_3	0.49486	9.0
A_OD600	c_3	0.53276	9.5
A_OD600	c_3	0.5641	10.0
A_OD600	c_3	0.58802	10.5
A_OD600	c_3	0.60642	11.0
A_OD600	c_3	0.62038	11.5
A_OD600	c_3	0.6310600000000001	12.0
A_OD600	c_3	0.63889	12.5
A_OD600	c_3	0.64458	13.0
A_OD600	c_3	0.64866	13.5
A_OD600	c_3	0.65163	14.0
A_OD600	c_3	0.65384	14.5
A_OD600	c_3	0.65541	15.0
A_OD600	c_3	0.65649	15.5
A_OD600	c_3	0.65728	16.0
A_OD600	c_3	0.65789	16.5
A_OD600	c_3	0.6583100000000001	17.0
A_OD600	c_3	0.65859	17.5
A_OD600	c_3	0.65879	18.0
A_OD600	c_3	0.65894	18.5
A_OD600	c_3	0.6590600000000001	19.0
A_OD600	c_3	0.65915	19.5
A_OD600	c_3	0.6592	20.0
A_OD600	c_3	0.6592399999999999	20.5
A_OD600	c_3	0.65927	21.0
A_OD600	c_3	0.6592899999999999	21.5
A_OD600	c_3	0.6593100000000001	22.0
A_OD600	c_3	0.65932	22.5
A_OD600	c_3	0.65933	23.0
A_OD600	c_3	0.65933	23.5
A_OD600	c_4	0.0114	0.0
A_OD600	c_4	0.012794	0.5
A_OD600	c_4	0.01436	1.0
A_OD600	c_4	0.016069999999999997	1.5
A_OD600	c_4	0.01798	2.0
A_OD600	c_4	0.020111	2.5
A_OD600	c_4	0.022458000000000002	3.0
A_OD600	c_4	0.025034999999999998	3.5
A_OD600	c_4	0.027857	4.0
A_OD600	c_4	0.030937	4.5
A_OD600	c_4	0.034289	5.0
A_OD600	c_4	0.037971	5.5
A_OD600	c_4	0.041960000000000004	6.0
A_OD600	c_4	0.046248000000000004	6.5
A_OD600	c_4	0.050835000000000005	7.0
A_OD600	c_4	0.055719000000000005	7.5
A_OD600	c_4	0.060892999999999996	8.0
A_OD600	c_4	0.06635	8.5
A_OD600	c_4	0.072114	9.0
A_OD600	c_4	0.07810399999999999	9.5
A_OD600	c_4	0.08429199999999999	10.0
A_OD600	c_4	0.090643	10.5
A_OD600	c_4	0.097121	11.0
A_OD600	c_4	0.10368	11.5
A_OD600	c_4	0.11029000000000001	12.0
A_OD600	c_4	0.11688	12.5
A_OD600	c_4	0.1234	13.0
A_OD600	c_4	0.12980999999999998	13.5
A_OD600	c_4	0.13608	14.0
A_OD600	c_4	0.14215999999999998	14.5
A_OD600	c_4	0.14803	15.0
A_OD600	c_4	0.15362	15.5
A_OD600	c_4	0.15892	16.0
A_OD600	c_4	0.16394	16.5
A_OD600	c_4	0.16866	17.0
A_OD600	c_4	0.17307999999999998	17.5
A_OD600	c_4	0.1772	18.0
A_OD600	c_4	0.18103	18.5
A_OD600	c_4	0.18450999999999998	19.0
A_OD600	c_4	0.18771	19.5
A_OD600	c_4	0.19065	20.0
A_OD600	c_4	0.19333	20.5
A_OD600	c_4	0.19577999999999998	21.0
A_OD600	c_4	0.19801	21.5
A_OD600	c_4	0.20001	22.0
A_OD600	c_4	0.20181	22.5
A_OD600	c_4	0.20343	23.0
A_OD600	c_4	0.2049	23.5
A_OD600	c_5	0.01435	0.0
A_OD600	c_5	0.019178	0.5
A_OD600	c_5	0.025408	1.0
A_OD600	c_5	0.033446	1.5
A_OD600	c_5	0.044114999999999994	2.0
A_OD600	c_5	0.057697000000000005	2.5
A_OD600	c_5	0.074938	3.0
A_OD600	c_5	0.09644900000000001	3.5
A_OD600	c_5	0.12280999999999999	4.0
A_OD600	c_5	0.15379	4.5
A_OD600	c_5	0.19018	5.0
A_OD600	c_5	0.23115	5.5
A_OD600	c_5	0.27510999999999997	6.0
A_OD600	c_5	0.32045999999999997	6.5
A_OD600	c_5	0.36546999999999996	7.0
A_OD600	c_5	0.40857	7.5
A_OD600	c_5	0.44838	8.0
A_OD600	c_5	0.48345	8.5
A_OD600	c_5	0.51298	9.0
A_OD600	c_5	0.53772	9.5
A_OD600	c_5	0.55797	10.0
A_OD600	c_5	0.57419	10.5
A_OD600	c_5	0.58701	11.0
A_OD600	c_5	0.5971	11.5
A_OD600	c_5	0.60464	12.0
A_OD600	c_5	0.61026	12.5
A_OD600	c_5	0.61454	13.0
A_OD600	c_5	0.6178600000000001	13.5
A_OD600	c_5	0.62042	14.0
A_OD600	c_5	0.62234	14.5
A_OD600	c_5	0.62374	15.0
A_OD600	c_5	0.62473	15.5
A_OD600	c_5	0.62552	16.0
A_OD600	c_5	0.62612	16.5
A_OD600	c_5	0.62657	17.0
A_OD600	c_5	0.6269	17.5
A_OD600	c_5	0.6271399999999999	18.0
A_OD600	c_5	0.62734	18.5
A_OD600	c_5	0.62748	19.0
A_OD600	c_5	0.62758	19.5
A_OD600	c_5	0.62765	20.0
A_OD600	c_5	0.62771	20.5
A_OD600	c_5	0.62776	21.0
A_OD600	c_5	0.62779	21.5
A_OD600	c_5	0.6278199999999999	22.0
A_OD600	c_5	0.62783	22.5
A_OD600	c_5	0.62785	23.0
A_OD600	c_5	0.6278600000000001	23.5
A_OD600	c_6	0.005	0.0
A_OD600	c_6	0.0065953	0.5
A_OD600	c_6	0.008651	1.0
A_OD600	c_6	0.011309	1.5
A_OD600	c_6	0.014736	2.0
A_OD600	c_6	0.019247999999999998	2.5
A_OD600	c_6	0.025087	3.0
A_OD600	c_6	0.03261	3.5
A_OD600	c_6	0.042241	4.0
A_OD600	c_6	0.054597	4.5
A_OD600	c_6	0.070141	5.0
A_OD600	c_6	0.089417	5.5
A_OD600	c_6	0.1129	6.0
A_OD600	c_6	0.14107	6.5
A_OD600	c_6	0.17377	7.0
A_OD600	c_6	0.21095	7.5
A_OD600	c_6	0.25211999999999996	8.0
A_OD600	c_6	0.29659	8.5
A_OD600	c_6	0.34238	9.0
A_OD600	c_6	0.3877	9.5
A_OD600	c_6	0.43118	10.0
A_OD600	c_6	0.47163	10.5
A_OD600	c_6	0.5081399999999999	11.0
A_OD600	c_6	0.54014	11.5
A_OD600	c_6	0.56662	12.0
A_OD600	c_6	0.5886100000000001	12.5
A_OD600	c_6	0.60664	13.0
A_OD600	c_6	0.62126	13.5
A_OD600	c_6	0.633	14.0
A_OD600	c_6	0.64227	14.5
A_OD600	c_6	0.64937	15.0
A_OD600	c_6	0.65467	15.5
A_OD600	c_6	0.65887	16.0
A_OD600	c_6	0.6621600000000001	16.5
A_OD600	c_6	0.66468	17.0
A_OD600	c_6	0.6665800000000001	17.5
A_OD600	c_6	0.66804	18.0
A_OD600	c_6	0.6691699999999999	18.5
A_OD600	c_6	0.67001	19.0
A_OD600	c_6	0.67065	19.5
A_OD600	c_6	0.67113	20.0
A_OD600	c_6	0.67151	20.5
A_OD600	c_6	0.67181	21.0
A_OD600	c_6	0.67203	21.5
A_OD600	c_6	0.67219	22.0
A_OD600	c_6	0.67232	22.5
A_OD600	c_6	0.67242	23.0
A_OD600	c_6	0.6724899999999999	23.5
A_OD600	c_7	0.0075	0.0
A_OD600	c_7	0.01082	0.5
A_OD600	c_7	0.015516	1.0
A_OD600	c_7	0.022049000000000003	1.5
A_OD600	c_7	0.031573000000000004	2.0
A_OD600	c_7	0.044626	2.5
A_OD600	c_7	0.062185000000000004	3.0
A_OD600	c_7	0.086338	3.5
A_OD600	c_7	0.11805	4.0
A_OD600	c_7	0.15784	4.5
A_OD600	c_7	0.20596	5.0
A_OD600	c_7	0.26075	5.5
A_OD600	c_7	0.31981	6.0
A_OD600	c_7	0.37964000000000003	6.5
A_OD600	c_7	0.43598000000000003	7.0
A_OD600	c_7	0.48628000000000005	7.5
A_OD600	c_7	0.52893	8.0
A_OD600	c_7	0.56342	8.5
A_OD600	c_7	0.59038	9.0
A_OD600	c_7	0.61019	9.5
A_OD600	c_7	0.6248199999999999	10.0
A_OD600	c_7	0.63541	10.5
A_OD600	c_7	0.64298	11.0
A_OD600	c_7	0.6481899999999999	11.5
A_OD600	c_7	0.65185	12.0
A_OD600	c_7	0.6544399999999999	12.5
A_OD600	c_7	0.65632	13.0
A_OD600	c_7	0.65758	13.5
A_OD600	c_7	0.65842	14.0
A_OD600	c_7	0.65901	14.5
A_OD600	c_7	0.65947	15.0
A_OD600	c_7	0.65979	15.5
A_OD600	c_7	0.65997	16.0
A_OD600	c_7	0.66009	16.5
A_OD600	c_7	0.6601899999999999	17.0
A_OD600	c_7	0.66027	17.5
A_OD600	c_7	0.66032	18.0
A_OD600	c_7	0.66035	18.5
A_OD600	c_7	0.66037	19.0
A_OD600	c_7	0.6603899999999999	19.5
A_OD600	c_7	0.66041	20.0
A_OD600	c_7	0.66041	20.5
A_OD600	c_7	0.66042	21.0
A_OD600	c_7	0.66042	21.5
A_OD600	c_7	0.6604300000000001	22.0
A_OD600	c_7	0.6604300000000001	22.5
A_OD600	c_7	0.6604300000000001	23.0
A_OD600	c_7	0.6604300000000001	23.5
A_OD600	c_8	0.0091	0.0
A_OD600	c_8	0.011266	0.5
A_OD600	c_8	0.013863	1.0
A_OD600	c_8	0.017016	1.5
A_OD600	c_8	0.020759	2.0
A_OD600	c_8	0.025143000000000002	2.5
A_OD600	c_8	0.030225	3.0
A_OD600	c_8	0.035963999999999996	3.5
A_OD600	c_8	0.042341000000000004	4.0
A_OD600	c_8	0.049296	4.5
A_OD600	c_8	0.056728	5.0
A_OD600	c_8	0.064522	5.5
A_OD600	c_8	0.072395	6.0
A_OD600	c_8	0.080162	6.5
A_OD600	c_8	0.087657	7.0
A_OD600	c_8	0.094729	7.5
A_OD600	c_8	0.10126	8.0
A_OD600	c_8	0.10712999999999999	8.5
A_OD600	c_8	0.11222	9.0
A_OD600	c_8	0.11665	9.5
A_OD600	c_8	0.12046	10.0
A_OD600	c_8	0.12369000000000001	10.5
A_OD600	c_8	0.1264	11.0
A_OD600	c_8	0.12865	11.5
A_OD600	c_8	0.13047	12.0
A_OD600	c_8	0.13193	12.5
A_OD600	c_8	0.13314	13.0
A_OD600	c_8	0.13410999999999998	13.5
A_OD600	c_8	0.1349	14.0
A_OD600	c_8	0.13554000000000002	14.5
A_OD600	c_8	0.13605	15.0
A_OD600	c_8	0.13646	15.5
A_OD600	c_8	0.13677	16.0
A_OD600	c_8	0.13702999999999999	16.5
A_OD600	c_8	0.13724	17.0
A_OD600	c_8	0.13741	17.5
A_OD600	c_8	0.13754	18.0
A_OD600	c_8	0.13764	18.5
A_OD600	c_8	0.13773	19.0
A_OD600	c_8	0.13779	19.5
A_OD600	c_8	0.13784000000000002	20.0
A_OD600	c_8	0.13789	20.5
A_OD600	c_8	0.13792000000000001	21.0
A_OD600	c_8	0.13795	21.5
A_OD600	c_8	0.13797	22.0
A_OD600	c_8	0.13799	22.5
A_OD600	c_8	0.138	23.0
A_OD600	c_8	0.13801	23.5
A_OD600	c_9	0.00615	0.0
A_OD600	c_9	0.0068149000000000005	0.5
A_OD600	c_9	0.0075503	1.0
A_OD600	c_9	0.0083636	1.5
A_OD600	c_9	0.009262799999999998	2.0
A_OD600	c_9	0.010251	2.5
A_OD600	c_9	0.011335	3.0
A_OD600	c_9	0.012523999999999999	3.5
A_OD600	c_9	0.013825	4.0
A_OD600	c_9	0.015248	4.5
A_OD600	c_9	0.01683	5.0
A_OD600	c_9	0.018557	5.5
A_OD600	c_9	0.020437999999999998	6.0
A_OD600	c_9	0.022482	6.5
A_OD600	c_9	0.024699000000000002	7.0
A_OD600	c_9	0.027098	7.5
A_OD600	c_9	0.029702999999999997	8.0
A_OD600	c_9	0.032541	8.5
A_OD600	c_9	0.035591000000000005	9.0
A_OD600	c_9	0.038859	9.5
A_OD600	c_9	0.04235	10.0
A_OD600	c_9	0.046067000000000004	10.5
A_OD600	c_9	0.050012	11.0
A_OD600	c_9	0.054214	11.5
A_OD600	c_9	0.05865700000000001	12.0
A_OD600	c_9	0.063314	12.5
A_OD600	c_9	0.068177	13.0
A_OD600	c_9	0.07322999999999999	13.5
A_OD600	c_9	0.078461	14.0
A_OD600	c_9	0.083849	14.5
A_OD600	c_9	0.089394	15.0
A_OD600	c_9	0.09504299999999999	15.5
A_OD600	c_9	0.10077	16.0
A_OD600	c_9	0.10654000000000001	16.5
A_OD600	c_9	0.11232	17.0
A_OD600	c_9	0.1181	17.5
A_OD600	c_9	0.12383	18.0
A_OD600	c_9	0.12947	18.5
A_OD600	c_9	0.13501	19.0
A_OD600	c_9	0.14040999999999998	19.5
A_OD600	c_9	0.14565999999999998	20.0
A_OD600	c_9	0.15074	20.5
A_OD600	c_9	0.15562	21.0
A_OD600	c_9	0.16029000000000002	21.5
A_OD600	c_9	0.16471	22.0
A_OD600	c_9	0.16894	22.5
A_OD600	c_9	0.17290999999999998	23.0
A_OD600	c_9	0.17665999999999998	23.5
A_OD600	c_10	0.009000000000000001	0.0
A_OD600	c_10	0.012386	0.5
A_OD600	c_10	0.016818	1.0
A_OD600	c_10	0.02289	1.5
A_OD600	c_10	0.030964	2.0
A_OD600	c_10	0.041363	2.5
A_OD600	c_10	0.054661	3.0
A_OD600	c_10	0.071255	3.5
A_OD600	c_10	0.091644	4.0
A_OD600	c_10	0.11549000000000001	4.5
A_OD600	c_10	0.14226	5.0
A_OD600	c_10	0.17092000000000002	5.5
A_OD600	c_10	0.20004	6.0
A_OD600	c_10	0.22816999999999998	6.5
A_OD600	c_10	0.25424	7.0
A_OD600	c_10	0.27743	7.5
A_OD600	c_10	0.29723	8.0
A_OD600	c_10	0.31303000000000003	8.5
A_OD600	c_10	0.3256	9.0
A_OD600	c_10	0.3354	9.5
A_OD600	c_10	0.34288	10.0
A_OD600	c_10	0.34859	10.5
A_OD600	c_10	0.35281999999999997	11.0
A_OD600	c_10	0.35593	11.5
A_OD600	c_10	0.35819	12.0
A_OD600	c_10	0.35983000000000004	12.5
A_OD600	c_10	0.36109	13.0
A_OD600	c_10	0.36201	13.5
A_OD600	c_10	0.36262	14.0
A_OD600	c_10	0.36305	14.5
A_OD600	c_10	0.36339	15.0
A_OD600	c_10	0.36365	15.5
A_OD600	c_10	0.36383000000000004	16.0
A_OD600	c_10	0.36396	16.5
A_OD600	c_10	0.36405	17.0
A_OD600	c_10	0.36412	17.5
A_OD600	c_10	0.36417	18.0
A_OD600	c_10	0.36421	18.5
A_OD600	c_10	0.36423	19.0
A_OD600	c_10	0.36425	19.5
A_OD600	c_10	0.36427	20.0
A_OD600	c_10	0.36428	20.5
A_OD600	c_10	0.36428	21.0
A_OD600	c_10	0.36429	21.5
A_OD600	c_10	0.36429	22.0
A_OD600	c_10	0.3643	22.5
A_OD600	c_10	0.3643	23.0
A_OD600	c_10	0.3643	23.5
A_OD600	c_11	0.0039	0.0
A_OD600	c_11	0.004335899999999999	0.5
A_OD600	c_11	0.0048211999999999994	1.0
A_OD600	c_11	0.0053555	1.5
A_OD600	c_11	0.005953	2.0
A_OD600	c_11	0.0066128	2.5
A_OD600	c_11	0.0073405	3.0
A_OD600	c_11	0.0081423	3.5
A_OD600	c_11	0.009024500000000001	4.0
A_OD600	c_11	0.0099941	4.5
A_OD600	c_11	0.011073999999999999	5.0
A_OD600	c_11	0.012265999999999999	5.5
A_OD600	c_11	0.013574000000000001	6.0
A_OD600	c_11	0.015005000000000001	6.5
A_OD600	c_11	0.016569	7.0
A_OD600	c_11	0.018274000000000002	7.5
A_OD600	c_11	0.020130000000000002	8.0
A_OD600	c_11	0.022182	8.5
A_OD600	c_11	0.024408000000000003	9.0
A_OD600	c_11	0.026816000000000003	9.5
A_OD600	c_11	0.029414999999999997	10.0
A_OD600	c_11	0.03221	10.5
A_OD600	c_11	0.035207999999999996	11.0
A_OD600	c_11	0.038426	11.5
A_OD600	c_11	0.041888999999999996	12.0
A_OD600	c_11	0.045563	12.5
A_OD600	c_11	0.049448	13.0
A_OD600	c_11	0.053538	13.5
A_OD600	c_11	0.057826999999999996	14.0
A_OD600	c_11	0.062304	14.5
A_OD600	c_11	0.066976	15.0
A_OD600	c_11	0.07181599999999999	15.5
A_OD600	c_11	0.076789	16.0
A_OD600	c_11	0.081872	16.5
A_OD600	c_11	0.08703999999999999	17.0
A_OD600	c_11	0.09227	17.5
A_OD600	c_11	0.097535	18.0
A_OD600	c_11	0.1028	18.5
A_OD600	c_11	0.10803	19.0
A_OD600	c_11	0.1132	19.5
A_OD600	c_11	0.11828	20.0
A_OD600	c_11	0.12325	20.5
A_OD600	c_11	0.12809	21.0
A_OD600	c_11	0.13277	21.5
A_OD600	c_11	0.13724	22.0
A_OD600	c_11	0.14155	22.5
A_OD600	c_11	0.14564000000000002	23.0
A_OD600	c_11	0.14953	23.5
A_OD600	c_12	0.0122	0.0
A_OD600	c_12	0.012794	0.5
A_OD600	c_12	0.013413999999999999	1.0
A_OD600	c_12	0.014061	1.5
A_OD600	c_12	0.014736	2.0
A_OD600	c_12	0.015441	2.5
A_OD600	c_12	0.016174	3.0
A_OD600	c_12	0.016936	3.5
A_OD600	c_12	0.017728999999999998	4.0
A_OD600	c_12	0.018552000000000003	4.5
A_OD600	c_12	0.019411	5.0
A_OD600	c_12	0.020306	5.5
A_OD600	c_12	0.021235	6.0
A_OD600	c_12	0.022197	6.5
A_OD600	c_12	0.023194	7.0
A_OD600	c_12	0.024225999999999998	7.5
A_OD600	c_12	0.025294	8.0
A_OD600	c_12	0.026405	8.5
A_OD600	c_12	0.027552999999999998	9.0
A_OD600	c_12	0.028738999999999997	9.5
A_OD600	c_12	0.029962	10.0
A_OD600	c_12	0.031223	10.5
A_OD600	c_12	0.032521	11.0
A_OD600	c_12	0.033858	11.5
A_OD600	c_12	0.035239	12.0
A_OD600	c_12	0.036657	12.5
A_OD600	c_12	0.038112	13.0
A_OD600	c_12	0.039604	13.5
A_OD600	c_12	0.041131	14.0
A_OD600	c_12	0.042694	14.5
A_OD600	c_12	0.044294	15.0
A_OD600	c_12	0.045931	15.5
A_OD600	c_12	0.047601	16.0
A_OD600	c_12	0.049301	16.5
A_OD600	c_12	0.051031	17.0
A_OD600	c_12	0.052788999999999996	17.5
A_OD600	c_12	0.054574	18.0
A_OD600	c_12	0.056388	18.5
A_OD600	c_12	0.058225	19.0
A_OD600	c_12	0.060083000000000004	19.5
A_OD600	c_12	0.06196	20.0
A_OD600	c_12	0.063854	20.5
A_OD600	c_12	0.065762	21.0
A_OD600	c_12	0.067682	21.5
A_OD600	c_12	0.069614	22.0
A_OD600	c_12	0.07155299999999999	22.5
A_OD600	c_12	0.073496	23.0
A_OD600	c_12	0.075441	23.5
A_OD600	c_1_2_i	0.0	0.0
A_OD600	c_1_2_i	13.5	13.5
A_OD600	c_1_2_i	24.0	24.0
B_OD600	c_1_2_i	0.012129000000000001	0.0
B_OD600	c_1_2_i	0.28711365872	13.5
B_OD600	c_1_2_i	0.37301733200000003	24.0
A_OD600	c_1_2_ii	0.0112431334	0.0
A_OD600	c_1_2_ii	9.749443999999999e-05	10.0
A_OD600	c_1_2_ii	0.091070382	24.0
B_OD600	c_1_2_ii	0.0186508666	0.0
B_OD600	c_1_2_ii	0.027242505560000005	10.0
B_OD600	c_1_2_ii	0.218629618	24.0
A_OD600	c_1_2_iii	0.004553519099999999	0.0
A_OD600	c_1_2_iii	0.06482546069999999	12.0
A_OD600	c_1_2_iii	0.0020703621700000003	24.0
B_OD600	c_1_2_iii	0.0109314809	0.0
B_OD600	c_1_2_iii	0.16254453929999998	12.0
B_OD600	c_1_2_iii	0.64069963783	24.0
A_OD600	c_1_3_i	0.0	0.0
A_OD600	c_1_3_i	13.4	13.4
A_OD600	c_1_3_i	23.889	23.889
B_OD600	c_1_3_i	0.010190000000000001	0.0
B_OD600	c_1_3_i	0.6033356266000001	13.4
B_OD600	c_1_3_i	0.8877928785	23.889
A_OD600	c_1_3_ii	0.0028278560750000003	0.0
A_OD600	c_1_3_ii	0.007060427236799992	13.836000000000002
A_OD600	c_1_3_ii	0.006549311199999977	23.494000000000003
B_OD600	c_1_3_ii	0.044389643925	0.0
B_OD600	c_1_3_ii	0.6359657327631999	13.836000000000002
B_OD600	c_1_3_ii	0.5976306888	23.494000000000003
A_OD600	c_1_3_iii	0.00032746555999999883	0.0
A_OD600	c_1_3_iii	0.0012238716440000118	14.339
B_OD600	c_1_3_iii	0.029881534440000006	0.0
B_OD600	c_1_3_iii	0.6603283683560001	14.339
A_OD600	c_1_4_i	0.0	0.0
A_OD600	c_1_4_i	11.0	11.0
A_OD600	c_1_4_i	22.5	22.5
B_OD600	c_1_4_i	0.0014374366000000007	0.0
B_OD600	c_1_4_i	0.08386378	11.0
B_OD600	c_1_4_i	0.19687752	22.5
A_OD600	c_1_4_ii	0.0031220820000000004	0.0
A_OD600	c_1_4_ii	0.0032331013	12.0
A_OD600	c_1_4_ii	0.004627043629999999	23.23
B_OD600	c_1_4_ii	0.009843876	0.0
B_OD600	c_1_4_ii	0.30230491719999997	12.0
B_OD600	c_1_4_ii	0.33968690799999995	23.23
A_OD600	c_1_4_iii	0.0002313521815	0.0
A_OD600	c_1_4_iii	0.0014044324162800009	13.270000000000005
A_OD600	c_1_4_iii	0.00701556642226	24.103
B_OD600	c_1_4_iii	0.0169843454	0.0
B_OD600	c_1_4_iii	0.2357326489680001	13.270000000000005
B_OD600	c_1_4_iii	0.31788693016520003	24.103
A_OD600	c_1_5_i	0.0	0.0
A_OD600	c_1_5_i	13.292	13.292
A_OD600	c_1_5_i	24.194000000000003	24.194000000000003
B_OD600	c_1_5_i	0.0109972	0.0
B_OD600	c_1_5_i	0.48131170819200003	13.292
B_OD600	c_1_5_i	0.8811134485	24.194000000000003
A_OD600	c_1_5_ii	0.0020368275749999974	0.0
A_OD600	c_1_5_ii	0.005238129811200021	13.931
A_OD600	c_1_5_ii	0.008421987000000006	24.023000000000003
B_OD600	c_1_5_ii	0.044055672425	0.0
B_OD600	c_1_5_ii	0.5787228301888	13.931
B_OD600	c_1_5_ii	0.5449280129999999	24.023000000000003
A_OD600	c_1_5_iii	0.0004210993500000003	0.0
A_OD600	c_1_5_iii	0.0029118230399999877	12.505000000000004
B_OD600	c_1_5_iii	0.02724640065	0.0
B_OD600	c_1_5_iii	0.6903793769600001	12.505000000000004
A_OD600	c_1_6_i	0.0	0.0
A_OD600	c_1_6_i	13.544	13.544
A_OD600	c_1_6_i	24.188000000000002	24.188000000000002
B_OD600	c_1_6_i	0.0101988	0.0
B_OD600	c_1_6_i	0.471473359736	13.544
B_OD600	c_1_6_i	0.8941573640000001	24.188000000000002
A_OD600	c_1_6_ii	0.010712131799999998	0.0
A_OD600	c_1_6_ii	0.016415509784000037	14.018000000000004
A_OD600	c_1_6_ii	0.021953132000000014	23.808000000000003
B_OD600	c_1_6_ii	0.044707868200000014	0.0
B_OD600	c_1_6_ii	0.7682646902159999	14.018000000000004
B_OD600	c_1_6_ii	0.738196868	23.808000000000003
A_OD600	c_1_6_iii	0.0010976566000000009	0.0
A_OD600	c_1_6_iii	0.003698902104799988	13.211999999999994
B_OD600	c_1_6_iii	0.0369098434	0.0
B_OD600	c_1_6_iii	0.6329451778952	13.211999999999994
A_OD600	c_1_7_i	0.0	0.0
A_OD600	c_1_7_i	13.4	13.4
A_OD600	c_1_7_i	23.889	23.889
B_OD600	c_1_7_i	0.011966	0.0
B_OD600	c_1_7_i	0.8354084731999999	13.4
B_OD600	c_1_7_i	0.9509563485	23.889
A_OD600	c_1_7_ii	0.001524682575000002	0.0
A_OD600	c_1_7_ii	0.00332276666880003	13.836000000000002
A_OD600	c_1_7_ii	0.00408025039999998	23.494000000000003
B_OD600	c_1_7_ii	0.047547817425	0.0
B_OD600	c_1_7_ii	0.5725466733311999	13.836000000000002
B_OD600	c_1_7_ii	0.5641997496000001	23.494000000000003
A_OD600	c_1_7_iii	0.000204012519999999	0.0
A_OD600	c_1_7_iii	0.0012755913372000138	14.339
B_OD600	c_1_7_iii	0.028209987480000007	0.0
B_OD600	c_1_7_iii	0.6302052686628	14.339
A_OD600	c_1_8_i	0.0	0.0
A_OD600	c_1_8_i	11.0	11.0
A_OD600	c_1_8_i	22.5	22.5
B_OD600	c_1_8_i	2.643656e-05	0.0
B_OD600	c_1_8_i	0.0753298385	11.0
B_OD600	c_1_8_i	0.099698211	22.5
A_OD600	c_1_8_ii	0.01485241461	0.0
A_OD600	c_1_8_ii	0.045629010000000005	12.0
A_OD600	c_1_8_ii	0.194275935	23.23
B_OD600	c_1_8_ii	0.00498491055	0.0
B_OD600	c_1_8_ii	0.2780708	12.0
B_OD600	c_1_8_ii	0.13111260749999998	23.23
A_OD600	c_1_8_iii	0.00971379675	0.0
A_OD600	c_1_8_iii	0.047153744358000016	13.270000000000005
A_OD600	c_1_8_iii	0.167150902848	24.103
B_OD600	c_1_8_iii	0.006555630375	0.0
B_OD600	c_1_8_iii	0.2376584219100001	13.270000000000005
B_OD600	c_1_8_iii	0.1863251505308	24.103
A_OD600	c_1_9_i	0.0	0.0
A_OD600	c_1_9_i	13.5	13.5
A_OD600	c_1_9_i	24.0	24.0
B_OD600	c_1_9_i	0.0142458	0.0
B_OD600	c_1_9_i	0.1939842741	13.5
B_OD600	c_1_9_i	0.383708936	24.0
A_OD600	c_1_9_ii	0.003229553199999999	0.0
A_OD600	c_1_9_ii	0.005552560000000005	10.0
A_OD600	c_1_9_ii	0.08800581890000002	24.0
B_OD600	c_1_9_ii	0.0191854468	0.0
B_OD600	c_1_9_ii	0.09844744	10.0
B_OD600	c_1_9_ii	0.3876241811	24.0
A_OD600	c_1_9_iii	0.004400290945	0.0
A_OD600	c_1_9_iii	0.1032330513	12.0
A_OD600	c_1_9_iii	0.153683877	24.0
B_OD600	c_1_9_iii	0.019381209055	0.0
B_OD600	c_1_9_iii	0.1933369487	12.0
B_OD600	c_1_9_iii	0.4062661229999999	24.0
A_OD600	c_1_10_i	0.0	0.0
A_OD600	c_1_10_i	11.0	11.0
A_OD600	c_1_10_i	22.5	22.5
B_OD600	c_1_10_i	0.013164560000000002	0.0
B_OD600	c_1_10_i	0.1871672663	11.0
B_OD600	c_1_10_i	0.2671086856	22.5
A_OD600	c_1_10_ii	0.001193441654	0.0
A_OD600	c_1_10_ii	0.0176268248	12.0
A_OD600	c_1_10_ii	0.051440286	23.23
B_OD600	c_1_10_ii	0.013355434279999998	0.0
B_OD600	c_1_10_ii	0.5322607680000001	12.0
B_OD600	c_1_10_ii	0.461198525	23.23
A_OD600	c_1_10_iii	0.0025720143	0.0
A_OD600	c_1_10_iii	0.0268731709344	13.270000000000005
A_OD600	c_1_10_iii	0.017255412737280002	24.103
B_OD600	c_1_10_iii	0.02305992625	0.0
B_OD600	c_1_10_iii	0.35833865772600004	13.270000000000005
B_OD600	c_1_10_iii	0.3298670090558	24.103
A_OD600	c_1_11_i	0.0	0.0
A_OD600	c_1_11_i	16.1	16.1
A_OD600	c_1_11_i	24.889	24.889
B_OD600	c_1_11_i	0.009054000000000001	0.0
B_OD600	c_1_11_i	0.052542051	16.1
B_OD600	c_1_11_i	0.08756266850000001	24.889
A_OD600	c_1_11_ii	0.0029393665749999996	0.0
A_OD600	c_1_11_ii	0.02911112222	14.153000000000002
A_OD600	c_1_11_ii	0.037615145700000005	24.661
B_OD600	c_1_11_ii	0.004378133425000001	0.0
B_OD600	c_1_11_ii	0.07148017778	14.153000000000002
B_OD600	c_1_11_ii	0.15225485430000002	24.661
A_OD600	c_1_11_iii	0.001880757285	0.0
A_OD600	c_1_11_iii	0.021004365450800002	12.144000000000005
B_OD600	c_1_11_iii	0.007612742715000001	0.0
B_OD600	c_1_11_iii	0.07833053854920001	12.144000000000005
A_OD600	c_1_12_i	0.0	0.0
A_OD600	c_1_12_i	11.0	11.0
A_OD600	c_1_12_i	22.5	22.5
B_OD600	c_1_12_i	0.001829956	0.0
B_OD600	c_1_12_i	0.0479095726	11.0
B_OD600	c_1_12_i	0.1472306352	22.5
A_OD600	c_1_12_ii	0.00455437208	0.0
A_OD600	c_1_12_ii	0.0550921176	12.0
A_OD600	c_1_12_ii	0.03523716	23.23
B_OD600	c_1_12_ii	0.0073615317600000015	0.0
B_OD600	c_1_12_ii	0.2348085696	12.0
B_OD600	c_1_12_ii	0.2483383644	23.23
A_OD600	c_1_12_iii	0.0017618579999999996	0.0
A_OD600	c_1_12_iii	0.013678693080000002	13.270000000000005
A_OD600	c_1_12_iii	0.044852073075	24.103
B_OD600	c_1_12_iii	0.01241691822	0.0
B_OD600	c_1_12_iii	0.336347337	13.270000000000005
B_OD600	c_1_12_iii	0.26622144	24.103
A_OD600	c_2_3_i	0.006125799999999999	0.0
A_OD600	c_2_3_i	0.005096044800000007	13.125
A_OD600	c_2_3_i	0.024868144	24.5
B_OD600	c_2_3_i	0.0138742	0.0
B_OD600	c_2_3_i	0.6689839552	13.125
B_OD600	c_2_3_i	0.679611856	24.5
A_OD600	c_2_3_ii	0.0012434071999999998	0.0
A_OD600	c_2_3_ii	0.008806685933599996	12.457999999999998
A_OD600	c_2_3_ii	0.012965305500000008	24.05
B_OD600	c_2_3_ii	0.0339805928	0.0
B_OD600	c_2_3_ii	0.5858378740664001	12.457999999999998
B_OD600	c_2_3_ii	0.5389846945000001	24.05
A_OD600	c_2_3_iii	0.0006482652750000004	0.0
A_OD600	c_2_3_iii	0.014480305758000024	13.017000000000005
A_OD600	c_2_3_iii	0.02102381753999996	22.60000000000001
B_OD600	c_2_3_iii	0.026949234725000003	0.0
B_OD600	c_2_3_iii	0.6431175942419999	13.017000000000005
B_OD600	c_2_3_iii	0.5634581824600001	22.60000000000001
A_OD600	c_2_4_i	0.00016327720000000002	0.0
A_OD600	c_2_4_i	0.00027665734000000003	11.0
A_OD600	c_2_4_i	0.0038297430600000002	22.5
B_OD600	c_2_4_i	0.015628728	0.0
B_OD600	c_2_4_i	0.018568613	11.0
B_OD600	c_2_4_i	0.4893001322	22.5
A_OD600	c_2_4_ii	0.000191487153	0.0
A_OD600	c_2_4_ii	0.01690453564	12.0
A_OD600	c_2_4_ii	0.01362719134	23.23
B_OD600	c_2_4_ii	0.02446500661	0.0
B_OD600	c_2_4_ii	0.1671615038	12.0
B_OD600	c_2_4_ii	0.2701011688	23.23
A_OD600	c_2_4_iii	0.000681359567	0.0
A_OD600	c_2_4_iii	0.005621475510000005	13.270000000000005
A_OD600	c_2_4_iii	0.05698910257600001	24.103
B_OD600	c_2_4_iii	0.01350505844	0.0
B_OD600	c_2_4_iii	0.04964821092000005	13.270000000000005
B_OD600	c_2_4_iii	0.262463728808	24.103
A_OD600	c_2_5_i	0.008311800000000001	0.0
A_OD600	c_2_5_i	0.10408337452799996	13.667
A_OD600	c_2_5_i	0.02770251480000001	25.028000000000002
B_OD600	c_2_5_i	0.011688200000000001	0.0
B_OD600	c_2_5_i	0.630968705472	13.667
B_OD600	c_2_5_i	0.6729174851999999	25.028000000000002
A_OD600	c_2_5_ii	0.0013851257400000006	0.0
A_OD600	c_2_5_ii	0.02893863517999998	12.972
A_OD600	c_2_5_ii	0.015071818599999981	24.361000000000004
B_OD600	c_2_5_ii	0.03364587426000001	0.0
B_OD600	c_2_5_ii	0.5658945648200001	12.972
B_OD600	c_2_5_ii	0.5573481814000001	24.361000000000004
A_OD600	c_2_5_iii	0.000753590929999999	0.0
A_OD600	c_2_5_iii	0.003744393270000025	11.567
A_OD600	c_2_5_iii	0.011081526916599966	21.761000000000006
B_OD600	c_2_5_iii	0.027867409069999998	0.0
B_OD600	c_2_5_iii	0.65316670673	11.567
B_OD600	c_2_5_iii	0.6328189330834001	21.761000000000006
A_OD600	c_2_6_i	0.00015561578	0.0
A_OD600	c_2_6_i	0.00503298156	11.0
A_OD600	c_2_6_i	0.00922366296	22.5
B_OD600	c_2_6_i	0.015634258	0.0
B_OD600	c_2_6_i	0.36931780200000003	11.0
B_OD600	c_2_6_i	0.8132679666	22.5
A_OD600	c_2_6_ii	0.000461183148	0.0
A_OD600	c_2_6_ii	0.0012330967	12.0
A_OD600	c_2_6_ii	0.001618444935	23.23
B_OD600	c_2_6_ii	0.04066339833	0.0
B_OD600	c_2_6_ii	0.5672130750000001	12.0
B_OD600	c_2_6_ii	0.6131927745	23.23
A_OD600	c_2_6_iii	8.092224675e-05	0.0
A_OD600	c_2_6_iii	0.00011052592181999999	13.270000000000005
A_OD600	c_2_6_iii	0.0004050098510784	24.103
B_OD600	c_2_6_iii	0.030659638725	0.0
B_OD600	c_2_6_iii	0.5940158626800001	13.270000000000005
B_OD600	c_2_6_iii	0.6153780260749999	24.103
A_OD600	c_2_7_i	0.005745199999999999	0.0
A_OD600	c_2_7_i	0.005573643074999993	13.125
A_OD600	c_2_7_i	0.027484624800000027	24.5
B_OD600	c_2_7_i	0.0142548	0.0
B_OD600	c_2_7_i	0.7987038569249999	13.125
B_OD600	c_2_7_i	0.7502353751999999	24.5
A_OD600	c_2_7_ii	0.0013742312400000013	0.0
A_OD600	c_2_7_ii	0.001853108919999986	12.457999999999998
A_OD600	c_2_7_ii	0.002610317999999981	24.05
B_OD600	c_2_7_ii	0.03751176876	0.0
B_OD600	c_2_7_ii	0.56833425108	12.457999999999998
B_OD600	c_2_7_ii	0.5480896820000001	24.05
A_OD600	c_2_7_iii	0.00013051589999999905	0.0
A_OD600	c_2_7_iii	0.001453202806399993	13.017000000000005
A_OD600	c_2_7_iii	0.00287318000000002	22.60000000000001
B_OD600	c_2_7_iii	0.0274044841	0.0
B_OD600	c_2_7_iii	0.6249273171936	13.017000000000005
B_OD600	c_2_7_iii	0.60200682	22.60000000000001
A_OD600	c_2_8_i	0.015662698000000003	0.0
A_OD600	c_2_8_i	0.0180961305	11.0
A_OD600	c_2_8_i	0.1288777028	22.5
B_OD600	c_2_8_i	0.00011087808	0.0
B_OD600	c_2_8_i	0.005306500499999999	11.0
B_OD600	c_2_8_i	0.07722199099999999	22.5
A_OD600	c_2_8_ii	0.006443885139999999	0.0
A_OD600	c_2_8_ii	0.08983156490000001	12.0
A_OD600	c_2_8_ii	0.1542267	23.23
B_OD600	c_2_8_ii	0.00386109955	0.0
B_OD600	c_2_8_ii	0.0428126111	12.0
B_OD600	c_2_8_ii	0.017331897600000003	23.23
A_OD600	c_2_8_iii	0.0077113350000000015	0.0
A_OD600	c_2_8_iii	0.11423265880000001	13.270000000000005
A_OD600	c_2_8_iii	0.196584427754	24.103
B_OD600	c_2_8_iii	0.0008665948800000001	0.0
B_OD600	c_2_8_iii	0.036993807196000005	13.270000000000005
B_OD600	c_2_8_iii	0.008003526101999999	24.103
A_OD600	c_2_9_i	0.010350422	0.0
A_OD600	c_2_9_i	0.007322556	11.0
A_OD600	c_2_9_i	0.021296287169999997	22.5
B_OD600	c_2_9_i	0.005437728000000001	0.0
B_OD600	c_2_9_i	0.005546355	11.0
B_OD600	c_2_9_i	0.2215520685	22.5
A_OD600	c_2_9_ii	0.0010648143585	0.0
A_OD600	c_2_9_ii	0.0026160033600000003	12.0
A_OD600	c_2_9_ii	0.0031834967699999996	23.23
B_OD600	c_2_9_ii	0.011077603425	0.0
B_OD600	c_2_9_ii	0.1282641912	12.0
B_OD600	c_2_9_ii	0.108300135	23.23
A_OD600	c_2_9_iii	0.00015917483850000006	0.0
A_OD600	c_2_9_iii	0.011029139880000005	13.270000000000005
A_OD600	c_2_9_iii	0.017367608681999998	24.103
B_OD600	c_2_9_iii	0.0054150067500000005	0.0
B_OD600	c_2_9_iii	0.059817067320000035	13.270000000000005
B_OD600	c_2_9_iii	0.063786899511	24.103
A_OD600	c_2_10_i	0.0143084	0.0
A_OD600	c_2_10_i	0.1593286135	13.5
A_OD600	c_2_10_i	0.1142641587	24.0
B_OD600	c_2_10_i	0.005691600000000001	0.0
B_OD600	c_2_10_i	0.35044138649999995	13.5
B_OD600	c_2_10_i	0.3666658413	24.0
A_OD600	c_2_10_ii	0.005713207935000001	0.0
A_OD600	c_2_10_ii	0.463360884	10.0
A_OD600	c_2_10_ii	0.2681107268	24.0
B_OD600	c_2_10_ii	0.018333292065000003	0.0
B_OD600	c_2_10_ii	0.229339116	10.0
B_OD600	c_2_10_ii	0.3204192732	24.0
A_OD600	c_2_10_iii	0.013405536340000001	0.0
A_OD600	c_2_10_iii	0.3971136400000001	12.0
A_OD600	c_2_10_iii	0.5857339267	24.0
B_OD600	c_2_10_iii	0.016020963660000002	0.0
B_OD600	c_2_10_iii	0.23043636000000006	12.0
B_OD600	c_2_10_iii	0.0654360733	24.0
A_OD600	c_2_11_i	0.015251400000000002	0.0
A_OD600	c_2_11_i	0.212524264	13.5
A_OD600	c_2_11_i	0.2262691548	24.0
B_OD600	c_2_11_i	0.0047486	0.0
B_OD600	c_2_11_i	0.017225736000000002	13.5
B_OD600	c_2_11_i	0.1629508452	24.0
A_OD600	c_2_11_ii	0.01131345774	0.0
A_OD600	c_2_11_ii	0.0818920809	10.0
A_OD600	c_2_11_ii	0.214035096	24.0
B_OD600	c_2_11_ii	0.00814754226	0.0
B_OD600	c_2_11_ii	0.0049579191	10.0
B_OD600	c_2_11_ii	0.240584904	24.0
A_OD600	c_2_11_iii	0.0107017548	0.0
A_OD600	c_2_11_iii	0.2066388338	12.0
A_OD600	c_2_11_iii	0.3921838578	24.0
B_OD600	c_2_11_iii	0.0120292452	0.0
B_OD600	c_2_11_iii	0.26789116620000003	12.0
B_OD600	c_2_11_iii	0.1934361422	24.0
A_OD600	c_2_12_i	0.0120664	0.0
A_OD600	c_2_12_i	0.038624714439999985	13.667
A_OD600	c_2_12_i	0.1123280704	24.361
B_OD600	c_2_12_i	0.007933599999999999	0.0
B_OD600	c_2_12_i	0.05878944555999999	13.667
B_OD600	c_2_12_i	0.13051192960000002	24.361
A_OD600	c_2_12_ii	0.00561640352	0.0
A_OD600	c_2_12_ii	0.09347354833151997	12.221999999999998
A_OD600	c_2_12_ii	0.3252220164	24.25
B_OD600	c_2_12_ii	0.0065255964800000005	0.0
B_OD600	c_2_12_ii	0.0012605316684799995	12.221999999999998
B_OD600	c_2_12_ii	0.016577983600000002	24.25
A_OD600	c_2_12_iii	0.01626110082	0.0
A_OD600	c_2_12_iii	0.17720188370260026	11.278000000000004
A_OD600	c_2_12_iii	0.4693273200000001	23.389000000000006
B_OD600	c_2_12_iii	0.0008288991800000001	0.0
B_OD600	c_2_12_iii	0.0014561162974000015	11.278000000000004
B_OD600	c_2_12_iii	0.0	23.389000000000006
A_OD600	c_3_4_i	0.0104016	0.0
A_OD600	c_3_4_i	0.6748439690800001	14.65
A_OD600	c_3_4_i	0.6707690348800001	25.84
B_OD600	c_3_4_i	0.0095984	0.0
B_OD600	c_3_4_i	0.01159603092	14.65
B_OD600	c_3_4_i	0.008410965119999999	25.84
A_OD600	c_3_4_ii	0.033538451744000004	0.0
A_OD600	c_3_4_ii	0.58927549351221	13.435
A_OD600	c_3_4_ii	0.57747744117	23.027
B_OD600	c_3_4_ii	0.000420548256	0.0
B_OD600	c_3_4_ii	0.00427540648779	13.435
B_OD600	c_3_4_ii	0.00247255883	23.027
A_OD600	c_3_4_iii	0.028873872058500002	0.0
A_OD600	c_3_4_iii	0.6447622378742719	13.793
B_OD600	c_3_4_iii	0.0001236279415	0.0
B_OD600	c_3_4_iii	0.0013954421257279998	13.793
A_OD600	c_3_5_i	0.0127992	0.0
A_OD600	c_3_5_i	0.39056474448359996	15.389000000000001
A_OD600	c_3_5_i	0.41451179	26.344
B_OD600	c_3_5_i	0.007200799999999999	0.0
B_OD600	c_3_5_i	0.31628859551640004	15.389000000000001
B_OD600	c_3_5_i	0.26938821	26.344
A_OD600	c_3_5_ii	0.020725589499999995	0.0
A_OD600	c_3_5_ii	0.420849883456	13.356000000000002
A_OD600	c_3_5_ii	0.34999760020000004	23.434
B_OD600	c_3_5_ii	0.0134694105	0.0
B_OD600	c_3_5_ii	0.25765571654399994	13.356000000000002
B_OD600	c_3_5_ii	0.2841823998	23.434
A_OD600	c_3_5_iii	0.01749988001	0.0
A_OD600	c_3_5_iii	0.38771130208000004	13.933
B_OD600	c_3_5_iii	0.01420911999	0.0
B_OD600	c_3_5_iii	0.30900969792000005	13.933
A_OD600	c_3_6_i	0.011005	0.0
A_OD600	c_3_6_i	0.497562492	14.53
A_OD600	c_3_6_i	0.5515164108	25.561
B_OD600	c_3_6_i	0.008995	0.0
B_OD600	c_3_6_i	0.26440150799999995	14.53
B_OD600	c_3_6_i	0.1710635892	25.561
A_OD600	c_3_6_ii	0.027575820540000004	0.0
A_OD600	c_3_6_ii	0.5016257655552	13.532000000000005
A_OD600	c_3_6_ii	0.4681741925	23.05
B_OD600	c_3_6_ii	0.008553179460000001	0.0
B_OD600	c_3_6_ii	0.15071735444479997	13.532000000000005
B_OD600	c_3_6_ii	0.14957580750000002	23.05
A_OD600	c_3_6_iii	0.023408709625000003	0.0
A_OD600	c_3_6_iii	0.5920660600400001	14.050000000000004
B_OD600	c_3_6_iii	0.0074787903750000015	0.0
B_OD600	c_3_6_iii	0.08398593995999999	14.050000000000004
A_OD600	c_3_7_i	0.008254000000000001	0.0
A_OD600	c_3_7_i	0.31405914064	14.53
A_OD600	c_3_7_i	0.268871711	25.561
B_OD600	c_3_7_i	0.011746	0.0
B_OD600	c_3_7_i	0.37852485935999997	14.53
B_OD600	c_3_7_i	0.420578289	25.561
A_OD600	c_3_7_ii	0.01344358555	0.0
A_OD600	c_3_7_ii	0.18464689918079996	13.532000000000005
A_OD600	c_3_7_ii	0.14991800879999995	23.05
B_OD600	c_3_7_ii	0.02102891445	0.0
B_OD600	c_3_7_ii	0.3528047808191999	13.532000000000005
B_OD600	c_3_7_ii	0.3839019912	23.05
A_OD600	c_3_7_iii	0.007495900439999998	0.0
A_OD600	c_3_7_iii	0.12559125743999994	14.050000000000004
B_OD600	c_3_7_iii	0.01919509956	0.0
B_OD600	c_3_7_iii	0.44757074256	14.050000000000004
A_OD600	c_3_8_i	0.0166652	0.0
A_OD600	c_3_8_i	1.3686773634779998	13.833
A_OD600	c_3_8_i	1.2351765492000002	24.511
B_OD600	c_3_8_i	0.0033347999999999997	0.0
B_OD600	c_3_8_i	0.029116036522000007	13.833
B_OD600	c_3_8_i	0.022123450800000003	24.511
A_OD600	c_3_8_ii	0.06175882746000001	0.0
A_OD600	c_3_8_ii	0.9022594324832	13.706
A_OD600	c_3_8_ii	0.9442979098559999	23.461
B_OD600	c_3_8_ii	0.00110617254	0.0
B_OD600	c_3_8_ii	0.0192409275168	13.706
B_OD600	c_3_8_ii	0.008982090144	23.461
A_OD600	c_3_8_iii	0.0472148954928	0.0
A_OD600	c_3_8_iii	0.945840962379	13.906
B_OD600	c_3_8_iii	0.0004491045072	0.0
B_OD600	c_3_8_iii	0.012239477621	13.906
A_OD600	c_3_9_i	0.009788	0.0
A_OD600	c_3_9_i	0.4844346248016	12.777999999999999
A_OD600	c_3_9_i	0.4006495815000001	23.896
B_OD600	c_3_9_i	0.010212	0.0
B_OD600	c_3_9_i	0.19236745519839998	12.777999999999999
B_OD600	c_3_9_i	0.24188041850000003	23.896
A_OD600	c_3_9_ii	0.020032479074999998	0.0
A_OD600	c_3_9_ii	0.42920042025	12.915
A_OD600	c_3_9_ii	0.4318371302	24.041999999999998
B_OD600	c_3_9_ii	0.012094020925	0.0
B_OD600	c_3_9_ii	0.21391207975	12.915
B_OD600	c_3_9_ii	0.1824928698	24.041999999999998
A_OD600	c_3_9_iii	0.02159185651	0.0
A_OD600	c_3_9_iii	0.44787448556000004	12.72
B_OD600	c_3_9_iii	0.00912464349	0.0
B_OD600	c_3_9_iii	0.22709271444	12.72
A_OD600	c_3_10_i	0.009527200000000001	0.0
A_OD600	c_3_10_i	0.61843031732	12.777999999999999
A_OD600	c_3_10_i	0.884538288	23.896
B_OD600	c_3_10_i	0.010472799999999999	0.0
B_OD600	c_3_10_i	0.45811168267999997	12.777999999999999
B_OD600	c_3_10_i	0.482261712	23.896
A_OD600	c_3_10_ii	0.044226914400000004	0.0
A_OD600	c_3_10_ii	0.605876039952	12.915
A_OD600	c_3_10_ii	0.5858488805	24.041999999999998
B_OD600	c_3_10_ii	0.0241130856	0.0
B_OD600	c_3_10_ii	0.128056560048	12.915
B_OD600	c_3_10_ii	0.1090011195	24.041999999999998
A_OD600	c_3_10_iii	0.029292444024999992	0.0
A_OD600	c_3_10_iii	0.7307699645839999	12.72
B_OD600	c_3_10_iii	0.0054500559750000005	0.0
B_OD600	c_3_10_iii	0.068261235416	12.72
A_OD600	c_3_11_i	0.0149692	0.0
A_OD600	c_3_11_i	0.7987026063456001	13.095999999999998
A_OD600	c_3_11_i	0.872466966	23.95
B_OD600	c_3_11_i	0.0050308	0.0
B_OD600	c_3_11_i	0.08720915365439996	13.095999999999998
B_OD600	c_3_11_i	0.08658303400000003	23.95
A_OD600	c_3_11_ii	0.0436233483	0.0
A_OD600	c_3_11_ii	0.565157299	13.250000000000005
A_OD600	c_3_11_ii	0.5270888000000001	23.866999999999997
B_OD600	c_3_11_ii	0.0043291517000000005	0.0
B_OD600	c_3_11_ii	0.006742700999999981	13.250000000000005
B_OD600	c_3_11_ii	0.012961200000000013	23.866999999999997
A_OD600	c_3_11_iii	0.026354440000000003	0.0
A_OD600	c_3_11_iii	0.6165382105980001	13.243000000000002
B_OD600	c_3_11_iii	0.0006480600000000005	0.0
B_OD600	c_3_11_iii	0.00456510940199998	13.243000000000002
A_OD600	c_3_12_i	0.014175	0.0
A_OD600	c_3_12_i	0.7001341937471999	14.208
A_OD600	c_3_12_i	0.65485085	25.344
B_OD600	c_3_12_i	0.005825	0.0
B_OD600	c_3_12_i	0.04603092625280002	14.208
B_OD600	c_3_12_i	0.06654915000000004	25.344
A_OD600	c_3_12_ii	0.0327425425	0.0
A_OD600	c_3_12_ii	0.5974047702040001	12.747999999999998
A_OD600	c_3_12_ii	0.5551767736000001	23.8
B_OD600	c_3_12_ii	0.003327457500000002	0.0
B_OD600	c_3_12_ii	0.009744749796000006	12.747999999999998
B_OD600	c_3_12_ii	0.031393226400000016	23.8
A_OD600	c_3_12_iii	0.02775883868	0.0
A_OD600	c_3_12_iii	0.6464832357060001	12.967
A_OD600	c_3_12_iii	0.6207287767800002	22.00600000000001
B_OD600	c_3_12_iii	0.0015696613200000006	0.0
B_OD600	c_3_12_iii	0.010471864293999971	12.967
B_OD600	c_3_12_iii	0.000963623220000032	22.00600000000001
A_OD600	c_4_5_i	0.0120316	0.0
A_OD600	c_4_5_i	0.08776144799999999	15.0
A_OD600	c_4_5_i	0.05969436539	25.623
B_OD600	c_4_5_i	0.0079684	0.0
B_OD600	c_4_5_i	0.602838552	15.0
B_OD600	c_4_5_i	0.59843563461	25.623
A_OD600	c_4_5_ii	0.0029847182695000004	0.0
A_OD600	c_4_5_ii	0.053394889791199995	13.944
A_OD600	c_4_5_ii	0.041499773999999996	23.71
B_OD600	c_4_5_ii	0.0299217817305	0.0
B_OD600	c_4_5_ii	0.5255119102088001	13.944
B_OD600	c_4_5_ii	0.468200226	23.71
A_OD600	c_4_5_iii	0.0020749887	0.0
A_OD600	c_4_5_iii	0.017283943285699998	13.027
B_OD600	c_4_5_iii	0.0234100113	0.0
B_OD600	c_4_5_iii	0.6017019567142999	13.027
A_OD600	c_4_6_i	0.0099406	0.0
A_OD600	c_4_6_i	0.07215066873999999	13.57
A_OD600	c_4_6_i	0.090225009	25.778000000000002
B_OD600	c_4_6_i	0.0100594	0.0
B_OD600	c_4_6_i	0.63862333126	13.57
B_OD600	c_4_6_i	0.645824991	25.778000000000002
A_OD600	c_4_6_ii	0.0045112504500000004	0.0
A_OD600	c_4_6_ii	0.06239510197920003	12.972
A_OD600	c_4_6_ii	0.05124690959999998	23.122
B_OD600	c_4_6_ii	0.03229124955	0.0
B_OD600	c_4_6_ii	0.6157388180208001	12.972
B_OD600	c_4_6_ii	0.6349730903999999	23.122
A_OD600	c_4_6_iii	0.0025623454799999987	0.0
A_OD600	c_4_6_iii	0.12190344963720005	12.947000000000005
B_OD600	c_4_6_iii	0.03174865452	0.0
B_OD600	c_4_6_iii	0.5216582103628	12.947000000000005
A_OD600	c_4_7_i	0.008274	0.0
A_OD600	c_4_7_i	0.013069221219999963	14.65
A_OD600	c_4_7_i	0.013721914000000005	25.84
B_OD600	c_4_7_i	0.011726	0.0
B_OD600	c_4_7_i	0.73889977878	14.65
B_OD600	c_4_7_i	0.7196780859999999	25.84
A_OD600	c_4_7_ii	0.0006860957000000003	0.0
A_OD600	c_4_7_ii	0.007307375167000009	13.435
A_OD600	c_4_7_ii	0.005620040399999999	23.027
B_OD600	c_4_7_ii	0.0359839043	0.0
B_OD600	c_4_7_ii	0.566720524833	13.435
B_OD600	c_4_7_ii	0.5632099596	23.027
A_OD600	c_4_7_iii	0.00028100201999999995	0.0
A_OD600	c_4_7_iii	0.0061786613088000075	13.793
B_OD600	c_4_7_iii	0.02816049798	0.0
B_OD600	c_4_7_iii	0.6255862986912001	13.793
A_OD600	c_4_8_i	0.015762870000000002	0.0
A_OD600	c_4_8_i	0.0557626995	11.0
A_OD600	c_4_8_i	0.6950321127	22.5
B_OD600	c_4_8_i	2.9272660000000013e-05	0.0
B_OD600	c_4_8_i	0.006657822	11.0
B_OD600	c_4_8_i	0.03158383752	22.5
A_OD600	c_4_8_ii	0.034751605634999995	0.0
A_OD600	c_4_8_ii	0.607812198	12.0
A_OD600	c_4_8_ii	0.5058060644	23.23
B_OD600	c_4_8_ii	0.001579191876	0.0
B_OD600	c_4_8_ii	0.09109081800000003	12.0
B_OD600	c_4_8_ii	0.11789530920000002	23.23
A_OD600	c_4_8_iii	0.025290303219999997	0.0
A_OD600	c_4_8_iii	0.4278182873440001	13.270000000000005
A_OD600	c_4_8_iii	0.3760739690669999	24.103
B_OD600	c_4_8_iii	0.0058947654600000005	0.0
B_OD600	c_4_8_iii	0.21097212472	13.270000000000005
B_OD600	c_4_8_iii	0.2213412778296	24.103
A_OD600	c_4_9_i	0.008647799999999999	0.0
A_OD600	c_4_9_i	0.012818800172400007	13.360999999999999
A_OD600	c_4_9_i	0.095025312	24.146
B_OD600	c_4_9_i	0.0113522	0.0
B_OD600	c_4_9_i	0.027708547827600013	13.360999999999999
B_OD600	c_4_9_i	0.097294688	24.146
A_OD600	c_4_9_ii	0.0047512656	0.0
A_OD600	c_4_9_ii	0.1145721284568	12.604000000000001
A_OD600	c_4_9_ii	0.172072062	24.142
B_OD600	c_4_9_ii	0.0048647344	0.0
B_OD600	c_4_9_ii	0.044814831543200005	12.604000000000001
B_OD600	c_4_9_ii	0.06252793799999999	24.142
A_OD600	c_4_9_iii	0.008603603100000001	0.0
A_OD600	c_4_9_iii	0.34291214428000005	12.004000000000005
A_OD600	c_4_9_iii	0.384628163904	23.712000000000003
B_OD600	c_4_9_iii	0.003126396900000001	0.0
B_OD600	c_4_9_iii	0.051285055720000014	12.004000000000005
B_OD600	c_4_9_iii	0.009781356096000018	23.712000000000003
A_OD600	c_4_10_i	0.004175782000000001	0.0
A_OD600	c_4_10_i	0.014630845079999996	11.0
A_OD600	c_4_10_i	0.33217822610000003	22.5
B_OD600	c_4_10_i	0.011613316000000002	0.0
B_OD600	c_4_10_i	0.15672757559999995	11.0
B_OD600	c_4_10_i	0.1821944589	22.5
A_OD600	c_4_10_ii	0.016608911304999998	0.0
A_OD600	c_4_10_ii	0.4847055152	12.0
A_OD600	c_4_10_ii	0.4359288258	23.23
B_OD600	c_4_10_ii	0.009109722944999999	0.0
B_OD600	c_4_10_ii	0.2179473752	12.0
B_OD600	c_4_10_ii	0.1727841918	23.23
A_OD600	c_4_10_iii	0.021796441290000003	0.0
A_OD600	c_4_10_iii	0.30518539425	13.270000000000005
A_OD600	c_4_10_iii	0.29369147964000003	24.103
B_OD600	c_4_10_iii	0.008639209590000002	0.0
B_OD600	c_4_10_iii	0.04152980925	13.270000000000005
B_OD600	c_4_10_iii	0.030633109664	24.103
A_OD600	c_4_11_i	0.014788800000000003	0.0
A_OD600	c_4_11_i	0.0546374528	11.0
A_OD600	c_4_11_i	0.3308984896	22.5
B_OD600	c_4_11_i	0.0010041532	0.0
B_OD600	c_4_11_i	0.00523868576	11.0
B_OD600	c_4_11_i	0.01528798404	22.5
A_OD600	c_4_11_ii	0.01654492448	0.0
A_OD600	c_4_11_ii	0.038726765	12.0
A_OD600	c_4_11_ii	0.1758671525	23.23
B_OD600	c_4_11_ii	0.000764399202	0.0
B_OD600	c_4_11_ii	0.0026371946999999996	12.0
B_OD600	c_4_11_ii	0.0104434677	23.23
A_OD600	c_4_11_iii	0.008793357625	0.0
A_OD600	c_4_11_iii	0.24713333515999994	13.270000000000005
A_OD600	c_4_11_iii	0.34791655544640004	24.103
B_OD600	c_4_11_iii	0.000522173385	0.0
B_OD600	c_4_11_iii	0.006710553220399998	13.270000000000005
B_OD600	c_4_11_iii	0.017921785849919998	24.103
A_OD600	c_4_12_i	0.0107898	0.0
A_OD600	c_4_12_i	0.0012860715	13.667
A_OD600	c_4_12_i	0.0519490626	24.361
B_OD600	c_4_12_i	0.0092102	0.0
B_OD600	c_4_12_i	0.0056469285	13.667
B_OD600	c_4_12_i	0.07138093740000001	24.361
A_OD600	c_4_12_ii	0.00259745313	0.0
A_OD600	c_4_12_ii	0.008829414983999997	12.221999999999998
A_OD600	c_4_12_ii	0.1931422514	24.25
B_OD600	c_4_12_ii	0.0035690468700000006	0.0
B_OD600	c_4_12_ii	0.0005591850159999993	12.221999999999998
B_OD600	c_4_12_ii	0.004237748599999998	24.25
A_OD600	c_4_12_iii	0.00965711257	0.0
A_OD600	c_4_12_iii	0.3487859575860001	11.278000000000004
A_OD600	c_4_12_iii	0.3309252546	23.389000000000006
B_OD600	c_4_12_iii	0.00021188742999999987	0.0
B_OD600	c_4_12_iii	0.0013058424140000044	11.278000000000004
B_OD600	c_4_12_iii	0.00016554539999998177	23.389000000000006
A_OD600	c_5_6_i	0.012034999999999999	0.0
A_OD600	c_5_6_i	0.354224353	15.0
A_OD600	c_5_6_i	0.41257272	25.623
B_OD600	c_5_6_i	0.007965	0.0
B_OD600	c_5_6_i	0.389725647	15.0
B_OD600	c_5_6_i	0.26222728	25.623
A_OD600	c_5_6_ii	0.020628636000000002	0.0
A_OD600	c_5_6_ii	0.2948554937664	13.944
A_OD600	c_5_6_ii	0.3818906312	23.71
B_OD600	c_5_6_ii	0.013111363999999999	0.0
B_OD600	c_5_6_ii	0.3954462662336	13.944
B_OD600	c_5_6_ii	0.27338936880000003	23.71
A_OD600	c_5_6_iii	0.01909453156	0.0
A_OD600	c_5_6_iii	0.4836803227674001	13.027
B_OD600	c_5_6_iii	0.013669468440000002	0.0
B_OD600	c_5_6_iii	0.20197285723260006	13.027
A_OD600	c_5_7_i	0.008334600000000001	0.0
A_OD600	c_5_7_i	0.26590532224	14.65
A_OD600	c_5_7_i	0.2552581304000001	25.84
B_OD600	c_5_7_i	0.0116654	0.0
B_OD600	c_5_7_i	0.45031867776	14.65
B_OD600	c_5_7_i	0.46031186960000003	25.84
A_OD600	c_5_7_ii	0.012762906520000002	0.0
A_OD600	c_5_7_ii	0.17818167456800002	13.435
A_OD600	c_5_7_ii	0.17471616569999998	23.027
B_OD600	c_5_7_ii	0.02301559348	0.0
B_OD600	c_5_7_ii	0.418462025432	13.435
B_OD600	c_5_7_ii	0.3736538343	23.027
A_OD600	c_5_7_iii	0.008735808284999999	0.0
A_OD600	c_5_7_iii	0.17659441316400004	13.793
B_OD600	c_5_7_iii	0.018682691714999998	0.0
B_OD600	c_5_7_iii	0.461667886836	13.793
A_OD600	c_5_8_i	0.015875999999999998	0.0
A_OD600	c_5_8_i	0.955525576992	13.833
A_OD600	c_5_8_i	1.0444431282000002	24.654
B_OD600	c_5_8_i	0.004124	0.0
B_OD600	c_5_8_i	0.151739623008	13.833
B_OD600	c_5_8_i	0.017256871800000004	24.654
A_OD600	c_5_8_ii	0.052222156410000005	0.0
A_OD600	c_5_8_ii	0.8901107402126799	13.879
A_OD600	c_5_8_ii	0.85925761281	23.784
B_OD600	c_5_8_ii	0.0008628435900000003	0.0
B_OD600	c_5_8_ii	0.016811619787319997	13.879
B_OD600	c_5_8_ii	0.0036423871899999996	23.784
A_OD600	c_5_8_iii	0.0429628806405	0.0
A_OD600	c_5_8_iii	0.97141372471562	12.887
B_OD600	c_5_8_iii	0.00018211935949999998	0.0
B_OD600	c_5_8_iii	0.009637355284379999	12.887
A_OD600	c_5_9_i	0.006176600000000001	0.0
A_OD600	c_5_9_i	0.4058500581256	13.292
A_OD600	c_5_9_i	0.5878599999999999	24.194000000000003
B_OD600	c_5_9_i	0.0138234	0.0
B_OD600	c_5_9_i	0.3304393018744	13.292
B_OD600	c_5_9_i	0.10374	24.194000000000003
A_OD600	c_5_9_ii	0.029393	0.0
A_OD600	c_5_9_ii	0.6156805534208001	13.931
A_OD600	c_5_9_ii	0.568635366	24.023000000000003
B_OD600	c_5_9_ii	0.005187000000000001	0.0
B_OD600	c_5_9_ii	0.038519286579200035	13.931
B_OD600	c_5_9_ii	0.040064634	24.023000000000003
A_OD600	c_5_9_iii	0.0284317683	0.0
A_OD600	c_5_9_iii	0.6517086898450001	12.505000000000004
B_OD600	c_5_9_iii	0.0020032317	0.0
B_OD600	c_5_9_iii	0.035189810155	12.505000000000004
A_OD600	c_5_10_i	0.002326708	0.0
A_OD600	c_5_10_i	0.17464629280000002	11.0
A_OD600	c_5_10_i	0.6997953280000001	22.5
B_OD600	c_5_10_i	0.013454648	0.0
B_OD600	c_5_10_i	0.06074827920000001	11.0
B_OD600	c_5_10_i	0.375035168	22.5
A_OD600	c_5_10_ii	0.034989766400000004	0.0
A_OD600	c_5_10_ii	0.62118518	12.0
A_OD600	c_5_10_ii	0.5903077008000001	23.23
B_OD600	c_5_10_ii	0.0187517584	0.0
B_OD600	c_5_10_ii	0.0583882596	12.0
B_OD600	c_5_10_ii	0.043715184000000004	23.23
A_OD600	c_5_10_iii	0.02951538504	0.0
A_OD600	c_5_10_iii	0.5781445543720001	13.270000000000005
A_OD600	c_5_10_iii	0.6178294829232	24.103
B_OD600	c_5_10_iii	0.0021857592000000003	0.0
B_OD600	c_5_10_iii	0.05905090263800001	13.270000000000005
B_OD600	c_5_10_iii	0.050970496219919996	24.103
A_OD600	c_5_11_i	0.0152856	0.0
A_OD600	c_5_11_i	0.8428458442671999	14.208
A_OD600	c_5_11_i	0.70335836	25.344
B_OD600	c_5_11_i	0.0047144000000000005	0.0
B_OD600	c_5_11_i	0.03799967573279996	14.208
B_OD600	c_5_11_i	0.10614164	25.344
A_OD600	c_5_11_ii	0.035167918	0.0
A_OD600	c_5_11_ii	0.6069979054256	12.747999999999998
A_OD600	c_5_11_ii	0.552402085	23.8
B_OD600	c_5_11_ii	0.005307081999999999	0.0
B_OD600	c_5_11_ii	0.007615054574400006	12.747999999999998
B_OD600	c_5_11_ii	0.028767914999999988	23.8
A_OD600	c_5_11_iii	0.02762010425	0.0
A_OD600	c_5_11_iii	0.6757792223392	12.967
A_OD600	c_5_11_iii	0.6449015652287999	22.00600000000001
B_OD600	c_5_11_iii	0.0014383957499999995	0.0
B_OD600	c_5_11_iii	0.0063850576608000245	12.967
B_OD600	c_5_11_iii	0.0018561947712000253	22.00600000000001
A_OD600	c_5_12_i	0.0121544	0.0
A_OD600	c_5_12_i	0.44986561174999995	14.375
A_OD600	c_5_12_i	0.6029284855	25.039
B_OD600	c_5_12_i	0.0078456	0.0
B_OD600	c_5_12_i	0.23992188825	14.375
B_OD600	c_5_12_i	0.060921514500000024	25.039
A_OD600	c_5_12_ii	0.030146424275000003	0.0
A_OD600	c_5_12_ii	0.6129132015440001	14.219
A_OD600	c_5_12_ii	0.5074797209999999	23.772
B_OD600	c_5_12_ii	0.003046075725000001	0.0
B_OD600	c_5_12_ii	0.00997239845599998	14.219
B_OD600	c_5_12_ii	0.029070278999999997	23.772
A_OD600	c_5_12_iii	0.02537398605	0.0
A_OD600	c_5_12_iii	0.6835753843120002	12.456000000000005
B_OD600	c_5_12_iii	0.00145351395	0.0
B_OD600	c_5_12_iii	0.022495415688	12.456000000000005
A_OD600	c_6_7_i	0.0092022	0.0
A_OD600	c_6_7_i	0.22996823106400002	15.38
A_OD600	c_6_7_i	0.1713783888	26.464000000000002
B_OD600	c_6_7_i	0.0107978	0.0
B_OD600	c_6_7_i	0.5079845689360001	15.38
B_OD600	c_6_7_i	0.5765416112	26.464000000000002
A_OD600	c_6_7_ii	0.00856891944	0.0
A_OD600	c_6_7_ii	0.1030664320256	13.195999999999998
A_OD600	c_6_7_ii	0.06089193599999997	23.011000000000006
B_OD600	c_6_7_ii	0.028827080560000003	0.0
B_OD600	c_6_7_ii	0.4259134079744	13.195999999999998
B_OD600	c_6_7_ii	0.43638806399999996	23.011000000000006
A_OD600	c_6_7_iii	0.0030445967999999986	0.0
A_OD600	c_6_7_iii	0.06426784545499996	14.033
B_OD600	c_6_7_iii	0.021819403199999997	0.0
B_OD600	c_6_7_iii	0.525832654545	14.033
A_OD600	c_6_8_i	0.017387200000000002	0.0
A_OD600	c_6_8_i	0.93793719358	13.667
A_OD600	c_6_8_i	0.918117015	25.028000000000002
B_OD600	c_6_8_i	0.0026128	0.0
B_OD600	c_6_8_i	0.14469360641999998	13.667
B_OD600	c_6_8_i	0.124782985	25.028000000000002
A_OD600	c_6_8_ii	0.045905850750000005	0.0
A_OD600	c_6_8_ii	0.942863613088	12.972
A_OD600	c_6_8_ii	0.9786554368	24.361000000000004
B_OD600	c_6_8_ii	0.00623914925	0.0
B_OD600	c_6_8_ii	0.10480918691199999	12.972
B_OD600	c_6_8_ii	0.0709445632	24.361000000000004
A_OD600	c_6_8_iii	0.048932771840000014	0.0
A_OD600	c_6_8_iii	0.975419639656	11.567
A_OD600	c_6_8_iii	0.970700788538	21.761000000000006
B_OD600	c_6_8_iii	0.0035472281599999997	0.0
B_OD600	c_6_8_iii	0.020251960344	11.567
B_OD600	c_6_8_iii	0.044738211462	21.761000000000006
A_OD600	c_6_9_i	0.006252399999999999	0.0
A_OD600	c_6_9_i	0.28863412628	12.958
A_OD600	c_6_9_i	0.2935996595	25.006999999999998
B_OD600	c_6_9_i	0.0137476	0.0
B_OD600	c_6_9_i	0.40898787372	12.958
B_OD600	c_6_9_i	0.42105034049999995	25.006999999999998
A_OD600	c_6_9_ii	0.014679982975	0.0
A_OD600	c_6_9_ii	0.3829308259059999	13.100999999999996
A_OD600	c_6_9_ii	0.34697388	23.41
B_OD600	c_6_9_ii	0.021052517025000002	0.0
B_OD600	c_6_9_ii	0.307470014094	13.100999999999996
B_OD600	c_6_9_ii	0.3625261200000001	23.41
A_OD600	c_6_9_iii	0.017348693999999998	0.0
A_OD600	c_6_9_iii	0.2805507422144	12.892999999999999
B_OD600	c_6_9_iii	0.018126306	0.0
B_OD600	c_6_9_iii	0.4133321777856	12.892999999999999
A_OD600	c_6_10_i	0.010856000000000001	0.0
A_OD600	c_6_10_i	0.645220485	14.625
A_OD600	c_6_10_i	0.7504561260000001	25.506999999999998
B_OD600	c_6_10_i	0.009144	0.0
B_OD600	c_6_10_i	0.425329515	14.625
B_OD600	c_6_10_i	0.381743874	25.506999999999998
A_OD600	c_6_10_ii	0.03752280630000001	0.0
A_OD600	c_6_10_ii	0.6774883496576	13.371999999999995
A_OD600	c_6_10_ii	0.6101813999999999	23.743000000000002
B_OD600	c_6_10_ii	0.019087193700000005	0.0
B_OD600	c_6_10_ii	0.30710429034240005	13.371999999999995
B_OD600	c_6_10_ii	0.3967186	23.743000000000002
A_OD600	c_6_10_iii	0.03050907	0.0
A_OD600	c_6_10_iii	0.5001290097048	13.127000000000002
B_OD600	c_6_10_iii	0.01983593	0.0
B_OD600	c_6_10_iii	0.32280351029520005	13.127000000000002
A_OD600	c_6_11_i	0.009991600000000002	0.0
A_OD600	c_6_11_i	0.5426348481648	13.544
A_OD600	c_6_11_i	0.7178607780000001	24.188000000000002
B_OD600	c_6_11_i	0.0100084	0.0
B_OD600	c_6_11_i	0.29253491183520003	13.544
B_OD600	c_6_11_i	0.293239222	24.188000000000002
A_OD600	c_6_11_ii	0.035893038900000014	0.0
A_OD600	c_6_11_ii	0.583232000128	14.018000000000004
A_OD600	c_6_11_ii	0.5909856029999999	23.808000000000003
B_OD600	c_6_11_ii	0.014661961099999997	0.0
B_OD600	c_6_11_ii	0.015937919871999974	14.018000000000004
B_OD600	c_6_11_ii	0.036314397000000005	23.808000000000003
A_OD600	c_6_11_iii	0.02954928015	0.0
A_OD600	c_6_11_iii	0.6388070420159999	13.211999999999994
B_OD600	c_6_11_iii	0.00181571985	0.0
B_OD600	c_6_11_iii	0.008925757984000008	13.211999999999994
A_OD600	c_6_12_i	0.0138	0.0
A_OD600	c_6_12_i	0.6686388261228	13.667
A_OD600	c_6_12_i	0.6660740268	25.028000000000002
B_OD600	c_6_12_i	0.006200000000000002	0.0
B_OD600	c_6_12_i	0.08563241387720001	13.667
B_OD600	c_6_12_i	0.13474597319999998	25.028000000000002
A_OD600	c_6_12_ii	0.03330370134	0.0
A_OD600	c_6_12_ii	0.7015547777280001	12.972
A_OD600	c_6_12_ii	0.7389427806000001	24.361000000000004
B_OD600	c_6_12_ii	0.0067372986599999974	0.0
B_OD600	c_6_12_ii	0.0022521822719999865	12.972
B_OD600	c_6_12_ii	0.003437219400000017	24.361000000000004
A_OD600	c_6_12_iii	0.03694713903	0.0
A_OD600	c_6_12_iii	0.6568308737640001	11.567
A_OD600	c_6_12_iii	0.6987780198916	21.761000000000006
B_OD600	c_6_12_iii	0.00017186097000000084	0.0
B_OD600	c_6_12_iii	0.0004535262359999792	11.567
B_OD600	c_6_12_iii	0.0013372201083999774	21.761000000000006
A_OD600	c_7_8_i	0.0178236	0.0
A_OD600	c_7_8_i	1.1320133229036	14.889000000000001
A_OD600	c_7_8_i	1.1216215265999998	25.613000000000003
B_OD600	c_7_8_i	0.0021763999999999998	0.0
B_OD600	c_7_8_i	0.0451182770964	14.889000000000001
B_OD600	c_7_8_i	0.0345784734	25.613000000000003
A_OD600	c_7_8_ii	0.056081076329999986	0.0
A_OD600	c_7_8_ii	0.7296476576255999	13.170000000000002
A_OD600	c_7_8_ii	0.7639255769600001	23.491
B_OD600	c_7_8_ii	0.0017289236699999998	0.0
B_OD600	c_7_8_ii	0.0212411423744	13.170000000000002
B_OD600	c_7_8_ii	0.01815442304	23.491
A_OD600	c_7_8_iii	0.038196278848000004	0.0
A_OD600	c_7_8_iii	0.8157979866080001	13.950000000000005
B_OD600	c_7_8_iii	0.000907721152	0.0
B_OD600	c_7_8_iii	0.022245013392000003	13.950000000000005
A_OD600	c_7_9_i	0.011096	0.0
A_OD600	c_7_9_i	0.5522381493008001	13.833
A_OD600	c_7_9_i	0.6154218468	24.511
B_OD600	c_7_9_i	0.008904	0.0
B_OD600	c_7_9_i	0.1944231306992	13.833
B_OD600	c_7_9_i	0.09435815319999996	24.511
A_OD600	c_7_9_ii	0.030771092339999997	0.0
A_OD600	c_7_9_ii	0.497048217932	13.706
A_OD600	c_7_9_ii	0.4839197184	23.461
B_OD600	c_7_9_ii	0.004717907659999998	0.0
B_OD600	c_7_9_ii	0.04525522206800001	13.706
B_OD600	c_7_9_ii	0.0512002816	23.461
A_OD600	c_7_9_iii	0.024195985920000003	0.0
A_OD600	c_7_9_iii	0.5841976499136	13.906
B_OD600	c_7_9_iii	0.00256001408	0.0
B_OD600	c_7_9_iii	0.0222191100864	13.906
A_OD600	c_7_10_i	0.0027752700000000003	0.0
A_OD600	c_7_10_i	0.3917978714000001	11.0
A_OD600	c_7_10_i	0.7343342747999999	22.5
B_OD600	c_7_10_i	0.013000082	0.0
B_OD600	c_7_10_i	0.16606486780000002	11.0
B_OD600	c_7_10_i	0.25625444039999995	22.5
A_OD600	c_7_10_ii	0.03671671374	0.0
A_OD600	c_7_10_ii	0.5884601523999999	12.0
A_OD600	c_7_10_ii	0.574693782	23.23
B_OD600	c_7_10_ii	0.01281272202	0.0
B_OD600	c_7_10_ii	0.00811244766	12.0
B_OD600	c_7_10_ii	0.00593575788	23.23
A_OD600	c_7_10_iii	0.028734689100000002	0.0
A_OD600	c_7_10_iii	0.58974099622	13.270000000000005
A_OD600	c_7_10_iii	0.5901125713800001	24.103
B_OD600	c_7_10_iii	0.000296787894	0.0
B_OD600	c_7_10_iii	0.0006296156705	13.270000000000005
B_OD600	c_7_10_iii	0.0006011643879	24.103
A_OD600	c_7_11_i	0.0146314	0.0
A_OD600	c_7_11_i	0.8169988741976001	13.905999999999999
A_OD600	c_7_11_i	0.8673067948000001	24.425
B_OD600	c_7_11_i	0.005368599999999999	0.0
B_OD600	c_7_11_i	0.08802236580240001	13.905999999999999
B_OD600	c_7_11_i	0.04551320520000001	24.425
A_OD600	c_7_11_ii	0.043365339739999995	0.0
A_OD600	c_7_11_ii	0.5561921354875999	13.842000000000002
A_OD600	c_7_11_ii	0.5482408846000001	23.387
B_OD600	c_7_11_ii	0.0022756602600000012	0.0
B_OD600	c_7_11_ii	0.0052381445123999715	13.842000000000002
B_OD600	c_7_11_ii	0.006979115399999985	23.387
A_OD600	c_7_11_iii	0.027412044229999998	0.0
A_OD600	c_7_11_iii	0.5878766899223998	14.263000000000005
B_OD600	c_7_11_iii	0.0003489557699999992	0.0
B_OD600	c_7_11_iii	0.001012890077600032	14.263000000000005
A_OD600	c_7_12_i	0.0164872	0.0
A_OD600	c_7_12_i	0.6673068703224	14.208
A_OD600	c_7_12_i	0.6395354240000001	25.344
B_OD600	c_7_12_i	0.0035128000000000004	0.0
B_OD600	c_7_12_i	0.0431004096776	14.208
B_OD600	c_7_12_i	0.044664576	25.344
A_OD600	c_7_12_ii	0.031976771200000004	0.0
A_OD600	c_7_12_ii	0.54062036634	12.747999999999998
A_OD600	c_7_12_ii	0.5015194997	23.8
B_OD600	c_7_12_ii	0.0022332288000000006	0.0
B_OD600	c_7_12_ii	0.007581633660000005	12.747999999999998
B_OD600	c_7_12_ii	0.021610500299999974	23.8
A_OD600	c_7_12_iii	0.025075974985000003	0.0
A_OD600	c_7_12_iii	0.583179714344	12.967
A_OD600	c_7_12_iii	0.5632294615296	22.00600000000001
B_OD600	c_7_12_iii	0.0010805250149999988	0.0
B_OD600	c_7_12_iii	0.006367105656000019	12.967
B_OD600	c_7_12_iii	0.003035178470400018	22.00600000000001
A_OD600	c_8_9_i	2.0258760000000007e-05	0.0
A_OD600	c_8_9_i	0.0055845805	11.0
A_OD600	c_8_9_i	0.0403303756	22.5
B_OD600	c_8_9_i	0.015772192	0.0
B_OD600	c_8_9_i	0.033128205130000005	11.0
B_OD600	c_8_9_i	0.17162204960000002	22.5
A_OD600	c_8_9_ii	0.00201651878	0.0
A_OD600	c_8_9_ii	0.1134858	12.0
A_OD600	c_8_9_ii	0.132347325	23.23
B_OD600	c_8_9_ii	0.008581102480000002	0.0
B_OD600	c_8_9_ii	0.0297694	12.0
B_OD600	c_8_9_ii	0.02866633	23.23
A_OD600	c_8_9_iii	0.006617366249999999	0.0
A_OD600	c_8_9_iii	0.30834431715599997	13.270000000000005
A_OD600	c_8_9_iii	0.2520151417504	24.103
B_OD600	c_8_9_iii	0.0014333165	0.0
B_OD600	c_8_9_iii	0.0027969758518800003	13.270000000000005
B_OD600	c_8_9_iii	0.0023306302188480003	24.103
A_OD600	c_8_10_i	0.005940600000000001	0.0
A_OD600	c_8_10_i	0.1948340401336	15.417
A_OD600	c_8_10_i	0.12065133	26.0
B_OD600	c_8_10_i	0.0140594	0.0
B_OD600	c_8_10_i	0.34415577986639995	15.417
B_OD600	c_8_10_i	0.33949867	26.0
A_OD600	c_8_10_ii	0.006032566499999999	0.0
A_OD600	c_8_10_ii	0.163615223946	13.542000000000002
A_OD600	c_8_10_ii	0.10592709539999999	23.944000000000006
B_OD600	c_8_10_ii	0.0169749335	0.0
B_OD600	c_8_10_ii	0.380444976054	13.542000000000002
B_OD600	c_8_10_ii	0.3868029046000001	23.944000000000006
A_OD600	c_8_10_iii	0.005296354770000001	0.0
A_OD600	c_8_10_iii	0.18782851539259995	12.473
B_OD600	c_8_10_iii	0.01934014523	0.0
B_OD600	c_8_10_iii	0.4074509046074	12.473
A_OD600	c_8_11_i	0.006077	0.0
A_OD600	c_8_11_i	0.1284400244228	13.360999999999999
A_OD600	c_8_11_i	0.0370812624	24.146
B_OD600	c_8_11_i	0.013923	0.0
B_OD600	c_8_11_i	0.1319131355772	13.360999999999999
B_OD600	c_8_11_i	0.2140787376	24.146
A_OD600	c_8_11_ii	0.0018540631200000001	0.0
A_OD600	c_8_11_ii	0.057316687998399986	12.604000000000001
A_OD600	c_8_11_ii	0.0364929612	24.142
B_OD600	c_8_11_ii	0.01070393688	0.0
B_OD600	c_8_11_ii	0.17907003200160002	12.604000000000001
B_OD600	c_8_11_ii	0.2267470388	24.142
A_OD600	c_8_11_iii	0.00182464806	0.0
A_OD600	c_8_11_iii	0.057399659904	12.004000000000005
A_OD600	c_8_11_iii	0.0718586339424	23.712000000000003
B_OD600	c_8_11_iii	0.01133735194	0.0
B_OD600	c_8_11_iii	0.22845522009599997	12.004000000000005
B_OD600	c_8_11_iii	0.2108935260576	23.712000000000003
A_OD600	c_8_12_i	0.0034758	0.0
A_OD600	c_8_12_i	0.1078913298444	13.667
A_OD600	c_8_12_i	0.125104537	24.361
B_OD600	c_8_12_i	0.016524200000000003	0.0
B_OD600	c_8_12_i	0.0554887901556	13.667
B_OD600	c_8_12_i	0.044595463	24.361
A_OD600	c_8_12_ii	0.006255226850000001	0.0
A_OD600	c_8_12_ii	0.13869705964239995	12.221999999999998
A_OD600	c_8_12_ii	0.16917400400000002	24.25
B_OD600	c_8_12_ii	0.0022297731499999994	0.0
B_OD600	c_8_12_ii	0.003712620357600004	12.221999999999998
B_OD600	c_8_12_ii	0.006645995999999991	24.25
A_OD600	c_8_12_iii	0.0084587002	0.0
A_OD600	c_8_12_iii	0.1455752405136001	11.278000000000004
A_OD600	c_8_12_iii	0.18639115129779998	23.389000000000006
B_OD600	c_8_12_iii	0.0003322997999999995	0.0
B_OD600	c_8_12_iii	0.006426639486400002	11.278000000000004
B_OD600	c_8_12_iii	0.002269588702199997	23.389000000000006
A_OD600	c_9_10_i	0.0104298	0.0
A_OD600	c_9_10_i	0.09720708782240002	12.083
A_OD600	c_9_10_i	0.18899441304	23.35
B_OD600	c_9_10_i	0.009570200000000001	0.0
B_OD600	c_9_10_i	0.4236195721776	12.083
B_OD600	c_9_10_i	0.17115958696	23.35
A_OD600	c_9_10_ii	0.009449720652	0.0
A_OD600	c_9_10_ii	0.2295105461999999	10.65
A_OD600	c_9_10_ii	0.3005671322	24.594
B_OD600	c_9_10_ii	0.008557979347999999	0.0
B_OD600	c_9_10_ii	0.19693045379999996	10.65
B_OD600	c_9_10_ii	0.15101286779999998	24.594
A_OD600	c_9_10_iii	0.015028356609999998	0.0
A_OD600	c_9_10_iii	0.2519806730399999	11.055999999999996
A_OD600	c_9_10_iii	0.36232444222800003	24.056
B_OD600	c_9_10_iii	0.0075506433899999986	0.0
B_OD600	c_9_10_iii	0.25339572695999985	11.055999999999996
B_OD600	c_9_10_iii	0.117162677772	24.056
A_OD600	c_9_11_i	0.0138856	0.0
A_OD600	c_9_11_i	0.0783176755072	13.833
A_OD600	c_9_11_i	0.33485371199999997	24.541999999999998
B_OD600	c_9_11_i	0.0061144	0.0
B_OD600	c_9_11_i	0.11001840449280001	13.833
B_OD600	c_9_11_i	0.06802628799999998	24.541999999999998
A_OD600	c_9_11_ii	0.0167426856	0.0
A_OD600	c_9_11_ii	0.387239113125	14.625
A_OD600	c_9_11_ii	0.39532705520000005	24.125
B_OD600	c_9_11_ii	0.0034013143999999987	0.0
B_OD600	c_9_11_ii	0.06448338687500002	14.625
B_OD600	c_9_11_ii	0.11309294479999997	24.125
A_OD600	c_9_11_iii	0.019766352759999998	0.0
A_OD600	c_9_11_iii	0.2573171683631999	11.665999999999995
B_OD600	c_9_11_iii	0.0056546472399999995	0.0
B_OD600	c_9_11_iii	0.06383151163680001	11.665999999999995
A_OD600	c_9_12_i	0.0102898	0.0
A_OD600	c_9_12_i	0.0112289465	13.5
A_OD600	c_9_12_i	0.11356192908	24.0
B_OD600	c_9_12_i	0.0097102	0.0
B_OD600	c_9_12_i	0.0086210535	13.5
B_OD600	c_9_12_i	0.00471807092	24.0
A_OD600	c_9_12_ii	0.0056780964540000005	0.0
A_OD600	c_9_12_ii	0.105601376049	10.0
A_OD600	c_9_12_ii	0.125684818992	24.0
B_OD600	c_9_12_ii	0.000235903546	0.0
B_OD600	c_9_12_ii	0.0002686239510000001	10.0
B_OD600	c_9_12_ii	0.000135181008	24.0
A_OD600	c_9_12_iii	0.006284240949599999	0.0
A_OD600	c_9_12_iii	0.1382267670875	12.0
A_OD600	c_9_12_iii	0.14329189022310002	24.0
B_OD600	c_9_12_iii	6.7590504000000016e-06	0.0
B_OD600	c_9_12_iii	2.3232912500000003e-05	12.0
B_OD600	c_9_12_iii	8.1097769e-06	24.0
A_OD600	c_10_11_i	0.013018568	0.0
A_OD600	c_10_11_i	0.13586751800000002	11.0
A_OD600	c_10_11_i	0.1235802352	22.5
B_OD600	c_10_11_i	0.0027665800000000003	0.0
B_OD600	c_10_11_i	0.0139941232	11.0
B_OD600	c_10_11_i	0.0837011168	22.5
A_OD600	c_10_11_ii	0.00617901176	0.0
A_OD600	c_10_11_ii	0.1991625384	12.0
A_OD600	c_10_11_ii	0.2696923605	23.23
B_OD600	c_10_11_ii	0.004185055839999999	0.0
B_OD600	c_10_11_ii	0.0534785489	12.0
B_OD600	c_10_11_ii	0.042470229500000005	23.23
A_OD600	c_10_11_iii	0.013484618025	0.0
A_OD600	c_10_11_iii	0.07942998096000001	13.270000000000005
A_OD600	c_10_11_iii	0.095033201782	24.103
B_OD600	c_10_11_iii	0.002123511475	0.0
B_OD600	c_10_11_iii	0.06270562848	13.270000000000005
B_OD600	c_10_11_iii	0.056901952467999985	24.103
A_OD600	c_10_12_i	0.010622814	0.0
A_OD600	c_10_12_i	0.16163059000000002	11.0
A_OD600	c_10_12_i	0.0989068608	22.5
B_OD600	c_10_12_i	0.005151748000000001	0.0
B_OD600	c_10_12_i	0.008747161500000001	11.0
B_OD600	c_10_12_i	0.1613334976	22.5
A_OD600	c_10_12_ii	0.00494534304	0.0
A_OD600	c_10_12_ii	0.40527583799999994	12.0
A_OD600	c_10_12_ii	0.349760808	23.23
B_OD600	c_10_12_ii	0.00806667488	0.0
B_OD600	c_10_12_ii	0.2112223364	12.0
B_OD600	c_10_12_ii	0.2991226296	23.23
A_OD600	c_10_12_iii	0.0174880404	0.0
A_OD600	c_10_12_iii	0.2520662777499999	13.270000000000005
A_OD600	c_10_12_iii	0.284027965025	24.103
B_OD600	c_10_12_iii	0.01495613148	0.0
B_OD600	c_10_12_iii	0.3464011280299999	13.270000000000005
B_OD600	c_10_12_iii	0.16542611966999998	24.103
A_OD600	c_11_12_i	0.0075932	0.0
A_OD600	c_11_12_i	0.0408315538144	13.667
A_OD600	c_11_12_i	0.065170695	24.361
B_OD600	c_11_12_i	0.012406799999999999	0.0
B_OD600	c_11_12_i	0.10695892618560002	13.667
B_OD600	c_11_12_i	0.068329305	24.361
A_OD600	c_11_12_ii	0.0032585347499999996	0.0
A_OD600	c_11_12_ii	0.07239434186400001	12.221999999999998
A_OD600	c_11_12_ii	0.078190029104	24.25
B_OD600	c_11_12_ii	0.0034164652500000003	0.0
B_OD600	c_11_12_ii	0.020822858136000003	12.221999999999998
B_OD600	c_11_12_ii	0.008676970895999999	24.25
A_OD600	c_11_12_iii	0.003909501455199999	0.0
A_OD600	c_11_12_iii	0.10043987724543994	11.278000000000004
A_OD600	c_11_12_iii	0.097437152989218	23.389000000000006
B_OD600	c_11_12_iii	0.0004338485448000001	0.0
B_OD600	c_11_12_iii	0.0024132427545599986	11.278000000000004
B_OD600	c_11_12_iii	0.003752833010782	23.389000000000006
