observableId	simulationConditionId	time	simulation
A_OD600	c_1	0.0	0.018939935106838206
A_OD600	c_1	0.5	0.02025401033623728
A_OD600	c_1	1.0	0.021298699835436474
A_OD600	c_1	1.5	0.022775370184014883
A_OD600	c_1	2.0	0.023949224821755852
A_OD600	c_1	2.5	0.02560832234604699
A_OD600	c_1	3.0	0.02692707081812885
A_OD600	c_1	3.5	0.028790771028948933
A_OD600	c_1	4.0	0.03027199378629094
A_OD600	c_1	4.5	0.032365072640344446
A_OD600	c_1	5.0	0.034028403135283256
A_OD600	c_1	5.5	0.036378516895645946
A_OD600	c_1	6.0	0.03824586022714633
A_OD600	c_1	6.5	0.040883848747609836
A_OD600	c_1	7.0	0.04297961795898889
A_OD600	c_1	7.5	0.045939831472393264
A_OD600	c_1	8.0	0.048291201336752715
A_OD600	c_1	8.5	0.05161185017633193
A_OD600	c_1	9.0	0.054249027739103825
A_OD600	c_1	9.5	0.0579725535522664
A_OD600	c_1	10.0	0.06092906395292916
A_OD600	c_1	10.5	0.06510252982989534
A_OD600	c_1	11.0	0.06841551495687055
A_OD600	c_1	11.5	0.0730910104368399
A_OD600	c_1	12.0	0.07680153673710453
A_OD600	c_1	12.5	0.08203659181121585
A_OD600	c_1	13.0	0.08618996203195634
A_OD600	c_1	13.5	0.09204796197067995
A_OD600	c_1	14.0	0.09669402370546276
A_OD600	c_1	14.5	0.10324461373348927
A_OD600	c_1	15.0	0.10843805533270237
A_OD600	c_1	15.5	0.11575752079744388
A_OD600	c_1	16.0	0.12155814244173536
A_OD600	c_1	16.5	0.12972974612639773
A_OD600	c_1	17.0	0.13620269062628287
A_OD600	c_1	17.5	0.14531694422463007
A_OD600	c_1	18.0	0.15501334695075492
A_OD600	c_1	18.5	0.16268770991609327
A_OD600	c_1	19.0	0.17348402479681113
A_OD600	c_1	19.5	0.18202371630855382
A_OD600	c_1	20.0	0.19402958798093517
A_OD600	c_1	20.5	0.20351957397681583
A_OD600	c_1	21.0	0.21685184262465804
A_OD600	c_1	21.5	0.22738233250676848
A_OD600	c_1	22.0	0.2421645544920936
A_OD600	c_1	22.5	0.25383053512150966
A_OD600	c_1	23.0	0.2701922046191855
A_OD600	c_1	23.5	0.2830927281976981
A_OD600	c_10	0.0	0.005706514410259417
A_OD600	c_10	0.5	0.008620848303278065
A_OD600	c_10	1.0	0.011713203438333597
A_OD600	c_10	1.5	0.01752959957040737
A_OD600	c_10	2.0	0.023584086186870263
A_OD600	c_10	2.5	0.03465868189932955
A_OD600	c_10	3.0	0.04577455237705308
A_OD600	c_10	3.5	0.06510212507260733
A_OD600	c_10	4.0	0.08331164865755286
A_OD600	c_10	4.5	0.11248264794075709
A_OD600	c_10	5.0	0.13746330221102376
A_OD600	c_10	5.5	0.17327571840098843
A_OD600	c_10	6.0	0.20052739888028318
A_OD600	c_10	6.5	0.2351538700628041
A_OD600	c_10	7.0	0.2586109854850895
A_OD600	c_10	7.5	0.2854568571361638
A_OD600	c_10	8.0	0.30204031896909506
A_OD600	c_10	8.5	0.3196522657910483
A_OD600	c_10	9.0	0.32987962335317395
A_OD600	c_10	9.5	0.3402468358119961
A_OD600	c_10	10.0	0.34604889325907295
A_OD600	c_10	10.5	0.3517757883120798
A_OD600	c_10	11.0	0.35491557379662425
A_OD600	c_10	11.5	0.3579701691936257
A_OD600	c_10	12.0	0.35962648027659544
A_OD600	c_10	12.5	0.36122557046592196
A_OD600	c_10	13.0	0.36208764597825216
A_OD600	c_10	13.5	0.362916627317391
A_OD600	c_10	14.0	0.36336219220235866
A_OD600	c_10	14.5	0.3637897696743659
A_OD600	c_10	15.0	0.3640192295812287
A_OD600	c_10	15.5	0.3642391924092638
A_OD600	c_10	16.0	0.3643571414244172
A_OD600	c_10	16.5	0.364470146928495
A_OD600	c_10	17.0	0.36453071814948035
A_OD600	c_10	17.5	0.3645887344165612
A_OD600	c_10	18.0	0.36462836382978203
A_OD600	c_10	18.5	0.3646495993174008
A_OD600	c_10	19.0	0.3646699351642869
A_OD600	c_10	19.5	0.36468083135683366
A_OD600	c_10	20.0	0.3646912654059713
A_OD600	c_10	20.5	0.3646968558836531
A_OD600	c_10	21.0	0.3647022091121566
A_OD600	c_10	21.5	0.3647050772721543
A_OD600	c_10	22.0	0.3647078236764451
A_OD600	c_10	22.5	0.36470929513396105
A_OD600	c_10	23.0	0.3647107041173153
A_OD600	c_10	23.5	0.36471145901292157
A_OD600	c_10_11_i	0.0	0.0002637861335176273
A_OD600	c_10_11_i	11.0	0.12986890981939114
A_OD600	c_10_11_i	22.5	0.14519685565596366
B_OD600	c_10_11_i	0.0	0.0023645993525995682
B_OD600	c_10_11_i	11.0	0.05145629369919561
B_OD600	c_10_11_i	22.5	0.09245767967837448
A_OD600	c_10_11_ii	0.0	0.00012020654485254456
A_OD600	c_10_11_ii	12.0	0.20043850921914189
A_OD600	c_10_11_ii	23.23	0.26192626788727197
B_OD600	c_10_11_ii	0.0	0.00047187253672178515
B_OD600	c_10_11_ii	12.0	0.01858415757187176
B_OD600	c_10_11_ii	23.23	0.043915255482153054
A_OD600	c_10_11_iii	0.0	2.520940773871738e-05
A_OD600	c_10_11_iii	13.270000000000005	0.07988959632983254
A_OD600	c_10_11_iii	24.103	0.11248744443747968
B_OD600	c_10_11_iii	0.0	0.001155450614643252
B_OD600	c_10_11_iii	13.270000000000005	0.059157330069282886
B_OD600	c_10_11_iii	24.103	0.1052176322518311
A_OD600	c_10_12_i	0.0	9.75891332441417e-09
A_OD600	c_10_12_i	11.0	3.239421041357717e-05
A_OD600	c_10_12_i	22.5	0.09895648333375999
B_OD600	c_10_12_i	0.0	0.0006198154194044975
B_OD600	c_10_12_i	11.0	0.013184800490289675
B_OD600	c_10_12_i	22.5	0.16062333191418351
A_OD600	c_10_12_ii	0.0	0.011918260166478322
A_OD600	c_10_12_ii	12.0	0.3460867665637073
A_OD600	c_10_12_ii	23.23	0.34278971687940735
B_OD600	c_10_12_ii	0.0	0.03331640931068347
B_OD600	c_10_12_ii	12.0	0.19650814038468364
B_OD600	c_10_12_ii	23.23	0.2520204640670145
A_OD600	c_10_12_iii	0.0	8.28029975219613e-05
A_OD600	c_10_12_iii	13.270000000000005	0.24429575504340162
A_OD600	c_10_12_iii	24.103	0.34167902239865344
B_OD600	c_10_12_iii	0.0	0.057874463372316054
B_OD600	c_10_12_iii	13.270000000000005	0.2618980090422676
B_OD600	c_10_12_iii	24.103	0.2594079876357952
A_OD600	c_11	0.0	0.0006829532856900789
A_OD600	c_11	0.5	0.000834144989069616
A_OD600	c_11	1.0	0.00096897550482329
A_OD600	c_11	1.5	0.001182954037752436
A_OD600	c_11	2.0	0.0013736146023668218
A_OD600	c_11	2.5	0.001675882853283017
A_OD600	c_11	3.0	0.0019448883417910955
A_OD600	c_11	3.5	0.0023707391806076965
A_OD600	c_11	4.0	0.002749086440087349
A_OD600	c_11	4.5	0.003346800768132875
A_OD600	c_11	5.0	0.003876579298955713
A_OD600	c_11	5.5	0.004711119068892611
A_OD600	c_11	6.0	0.005448354494720869
A_OD600	c_11	6.5	0.006605051668586261
A_OD600	c_11	7.0	0.007622191487581495
A_OD600	c_11	7.5	0.00920926173008522
A_OD600	c_11	8.0	0.010596065793563385
A_OD600	c_11	8.5	0.012743717519717134
A_OD600	c_11	9.0	0.01460439624689651
A_OD600	c_11	9.5	0.017457002669562852
A_OD600	c_11	10.0	0.01990053352237116
A_OD600	c_11	10.5	0.023597504697704465
A_OD600	c_11	11.0	0.026718022933932002
A_OD600	c_11	11.5	0.031360319850443
A_OD600	c_11	12.0	0.035206901189302614
A_OD600	c_11	12.5	0.040811827041199955
A_OD600	c_11	13.0	0.045353244392722696
A_OD600	c_11	13.5	0.05181073012100633
A_OD600	c_11	14.0	0.05690944793357486
A_OD600	c_11	14.5	0.06396320896654774
A_OD600	c_11	15.0	0.06937723922035242
A_OD600	c_11	15.5	0.0766523534315707
A_OD600	c_11	16.0	0.0820749576424471
A_OD600	c_11	16.5	0.08915223781741693
A_OD600	c_11	17.0	0.0942784209056188
A_OD600	c_11	17.5	0.10078685282169979
A_OD600	c_11	18.0	0.10684754355922879
A_OD600	c_11	18.5	0.11106449171096205
A_OD600	c_11	19.0	0.11622266330939991
A_OD600	c_11	19.5	0.11973661966675109
A_OD600	c_11	20.0	0.12395413434606578
A_OD600	c_11	20.5	0.12677787425142312
A_OD600	c_11	21.0	0.13011564272199608
A_OD600	c_11	21.5	0.13231980054597467
A_OD600	c_11	22.0	0.13489430335692218
A_OD600	c_11	22.5	0.136576409077119
A_OD600	c_11	23.0	0.13852331958015732
A_OD600	c_11	23.5	0.13978514576105758
A_OD600	c_11_12_i	0.0	0.004227686970983065
A_OD600	c_11_12_i	13.667	0.06153597176350844
A_OD600	c_11_12_i	24.361	0.07954093167027108
B_OD600	c_11_12_i	0.0	0.011208429919413778
B_OD600	c_11_12_i	13.667	0.09171337578396829
B_OD600	c_11_12_i	24.361	0.09122039621537496
A_OD600	c_11_12_ii	0.0	0.0021536596306971985
A_OD600	c_11_12_ii	12.221999999999998	0.061802611597383504
A_OD600	c_11_12_ii	24.25	0.12163807955184422
B_OD600	c_11_12_ii	0.0	0.0026967335380824135
B_OD600	c_11_12_ii	12.221999999999998	0.034566867837785925
B_OD600	c_11_12_ii	24.25	0.027606878699794456
A_OD600	c_11_12_iii	0.0	0.006966889679471936
A_OD600	c_11_12_iii	11.278000000000004	0.09464277638235537
A_OD600	c_11_12_iii	23.389000000000006	0.13981933383633052
B_OD600	c_11_12_iii	0.0	0.0030633197968228257
B_OD600	c_11_12_iii	11.278000000000004	0.017746870896941463
B_OD600	c_11_12_iii	23.389000000000006	0.007872963592215522
A_OD600	c_12	0.0	0.00023951330985015309
A_OD600	c_12	0.5	0.00028133569328194137
A_OD600	c_12	1.0	0.00031742365360313846
A_OD600	c_12	1.5	0.00037283313715912774
A_OD600	c_12	2.0	0.0004206411257696818
A_OD600	c_12	2.5	0.0004940381696756679
A_OD600	c_12	3.0	0.000557358865612008
A_OD600	c_12	3.5	0.0006545587923959058
A_OD600	c_12	4.0	0.0007384019862223978
A_OD600	c_12	4.5	0.000867082115784387
A_OD600	c_12	5.0	0.0009780575881079686
A_OD600	c_12	5.5	0.0011483398128377168
A_OD600	c_12	6.0	0.0012951548512261074
A_OD600	c_12	6.5	0.001520360232160336
A_OD600	c_12	7.0	0.001714461709881782
A_OD600	c_12	7.5	0.002012080116207945
A_OD600	c_12	8.0	0.0022684754474317707
A_OD600	c_12	8.5	0.0026613979504753736
A_OD600	c_12	9.0	0.002999691334275741
A_OD600	c_12	9.5	0.0035177528902302847
A_OD600	c_12	10.0	0.003963429911082404
A_OD600	c_12	10.5	0.004645299234421335
A_OD600	c_12	11.0	0.00523127861937025
A_OD600	c_12	11.5	0.006126701630416213
A_OD600	c_12	12.0	0.006895138810140504
A_OD600	c_12	12.5	0.00806747673766702
A_OD600	c_12	13.0	0.009071736191196184
A_OD600	c_12	13.5	0.01060061769748341
A_OD600	c_12	14.0	0.011907211173767137
A_OD600	c_12	14.5	0.013890912232162529
A_OD600	c_12	15.0	0.015581006393985403
A_OD600	c_12	15.5	0.018137855432130937
A_OD600	c_12	16.0	0.020307670062619583
A_OD600	c_12	16.5	0.023575342657835563
A_OD600	c_12	17.0	0.026334402052220204
A_OD600	c_12	17.5	0.03046547371733136
A_OD600	c_12	18.0	0.03516086479397621
A_OD600	c_12	18.5	0.039083068537856265
A_OD600	c_12	19.0	0.0448846064524895
A_OD600	c_12	19.5	0.049687467976998446
A_OD600	c_12	20.0	0.05672052463127553
A_OD600	c_12	20.5	0.06247980164049139
A_OD600	c_12	21.0	0.07081234083271128
A_OD600	c_12	21.5	0.07754812464265481
A_OD600	c_12	22.0	0.087157173582298
A_OD600	c_12	22.5	0.09480978934889588
A_OD600	c_12	23.0	0.10555358599134809
A_OD600	c_12	23.5	0.11396809498798675
A_OD600	c_1_10_i	0.0	-6.526591893482937e-10
A_OD600	c_1_10_i	11.0	-2.1298229209388725e-09
A_OD600	c_1_10_i	22.5	-2.576824881779059e-09
B_OD600	c_1_10_i	0.0	0.00012398070531504879
B_OD600	c_1_10_i	11.0	0.18703891098728898
B_OD600	c_1_10_i	22.5	0.3645696463051748
A_OD600	c_1_10_ii	0.0	0.03533345141580297
A_OD600	c_1_10_ii	12.0	0.06659856236050113
A_OD600	c_1_10_ii	23.23	0.047735423888172694
B_OD600	c_1_10_ii	0.0	0.0005297305914061609
B_OD600	c_1_10_ii	12.0	0.4998814228388771
B_OD600	c_1_10_ii	23.23	0.46500292238178553
A_OD600	c_1_10_iii	0.0	1.8351401341590847e-08
A_OD600	c_1_10_iii	13.270000000000005	3.089617274843305e-08
A_OD600	c_1_10_iii	24.103	3.353860095235089e-08
B_OD600	c_1_10_iii	0.0	0.022914669395482045
B_OD600	c_1_10_iii	13.270000000000005	0.36412341099400397
B_OD600	c_1_10_iii	24.103	0.364713385019998
A_OD600	c_1_11_i	0.0	0.017981264688182577
A_OD600	c_1_11_i	16.1	0.08214153476995346
A_OD600	c_1_11_i	24.889	0.07588796847985259
B_OD600	c_1_11_i	0.0	0.000642407552768759
B_OD600	c_1_11_i	16.1	0.05391755240331366
B_OD600	c_1_11_i	24.889	0.10754443127091605
A_OD600	c_1_11_ii	0.0	0.010058258280752578
A_OD600	c_1_11_ii	14.153000000000002	0.03344870569566719
A_OD600	c_1_11_ii	24.661	0.020495289653109584
B_OD600	c_1_11_ii	0.0	0.001363496388840864
B_OD600	c_1_11_ii	14.153000000000002	0.07118123763611278
B_OD600	c_1_11_ii	24.661	0.1349710371244312
A_OD600	c_1_11_iii	0.0	0.00744491165479324
A_OD600	c_1_11_iii	12.144000000000005	0.01887164780486326
B_OD600	c_1_11_iii	0.0	0.0028604633561460325
B_OD600	c_1_11_iii	12.144000000000005	0.07832780835850889
A_OD600	c_1_12_i	0.0	0.04800753013383524
A_OD600	c_1_12_i	11.0	0.12851840716349874
A_OD600	c_1_12_i	22.5	0.11326299528642055
B_OD600	c_1_12_i	0.0	0.005097104636739185
B_OD600	c_1_12_i	11.0	0.051180007341861594
B_OD600	c_1_12_i	22.5	0.1657130475842822
A_OD600	c_1_12_ii	0.0	0.028835384989379185
A_OD600	c_1_12_ii	12.0	0.026011064002911782
A_OD600	c_1_12_ii	23.23	0.0031896971900383497
B_OD600	c_1_12_ii	0.0	0.029663034666579643
B_OD600	c_1_12_ii	12.0	0.20614651476544443
B_OD600	c_1_12_ii	23.23	0.2967101534482239
A_OD600	c_1_12_iii	0.0	4.670259608006675e-08
A_OD600	c_1_12_iii	13.270000000000005	1.6264791034708446e-08
A_OD600	c_1_12_iii	24.103	1.4672552780519798e-09
B_OD600	c_1_12_iii	0.0	0.05265742008233395
B_OD600	c_1_12_iii	13.270000000000005	0.2741906431342448
B_OD600	c_1_12_iii	24.103	0.30632607491313574
A_OD600	c_1_2_i	0.0	0.0028094214317177174
A_OD600	c_1_2_i	13.5	0.021353825224545604
A_OD600	c_1_2_i	24.0	0.22343054075341956
B_OD600	c_1_2_i	0.0	0.038466799495619715
B_OD600	c_1_2_i	13.5	0.2845457248534816
B_OD600	c_1_2_i	24.0	0.37392616675899504
A_OD600	c_1_2_ii	0.0	0.0029648186121891875
A_OD600	c_1_2_ii	10.0	0.010235498913829745
A_OD600	c_1_2_ii	24.0	0.08324976559824893
B_OD600	c_1_2_ii	0.0	0.010239315909420243
B_OD600	c_1_2_ii	10.0	0.04675483668136636
B_OD600	c_1_2_ii	24.0	0.21548009526111933
A_OD600	c_1_2_iii	0.0	0.0007147204039853361
A_OD600	c_1_2_iii	12.0	0.003450332886483482
A_OD600	c_1_2_iii	24.0	0.038945352983170166
B_OD600	c_1_2_iii	0.0	0.017573236795331747
B_OD600	c_1_2_iii	12.0	0.11771650472494838
B_OD600	c_1_2_iii	24.0	0.6475057314884345
A_OD600	c_1_3_i	0.0	0.05047719738579231
A_OD600	c_1_3_i	13.4	0.19781136740352973
A_OD600	c_1_3_i	23.889	0.07677214672569026
B_OD600	c_1_3_i	0.0	2.3763845833949498e-06
B_OD600	c_1_3_i	13.4	0.6024808183306852
B_OD600	c_1_3_i	23.889	0.8810875030583024
A_OD600	c_1_3_ii	0.0	-1.4848894970668659e-10
A_OD600	c_1_3_ii	13.836000000000002	-1.9746819907963944e-10
A_OD600	c_1_3_ii	23.494000000000003	-1.596233240606298e-10
B_OD600	c_1_3_ii	0.0	0.04362075715799702
B_OD600	c_1_3_ii	13.836000000000002	0.6537865120004868
B_OD600	c_1_3_ii	23.494000000000003	0.6556749082869545
A_OD600	c_1_3_iii	0.0	0.00151439219547961
A_OD600	c_1_3_iii	14.339	0.0021206466033014005
B_OD600	c_1_3_iii	0.0	0.02990585765673852
B_OD600	c_1_3_iii	14.339	0.6597049193390963
A_OD600	c_1_4_i	0.0	0.008058492102804607
A_OD600	c_1_4_i	11.0	0.028926348626867604
A_OD600	c_1_4_i	22.5	0.07458500007001571
B_OD600	c_1_4_i	0.0	0.0004637582923420932
B_OD600	c_1_4_i	11.0	0.007163029239179448
B_OD600	c_1_4_i	22.5	0.2060069340624772
A_OD600	c_1_4_ii	0.0	0.025063991977477613
A_OD600	c_1_4_ii	12.0	0.039352460288474014
A_OD600	c_1_4_ii	23.23	0.019611736571993978
B_OD600	c_1_4_ii	0.0	0.03314771935288151
B_OD600	c_1_4_ii	12.0	0.2919750104780074
B_OD600	c_1_4_ii	23.23	0.3288181421102348
A_OD600	c_1_4_iii	0.0	0.01123836438208436
A_OD600	c_1_4_iii	13.270000000000005	0.02385178929277457
A_OD600	c_1_4_iii	24.103	0.015766848046519875
B_OD600	c_1_4_iii	0.0	0.02578336276400989
B_OD600	c_1_4_iii	13.270000000000005	0.23279203603402915
B_OD600	c_1_4_iii	24.103	0.3064092818232434
A_OD600	c_1_5_i	0.0	0.10776985040080132
A_OD600	c_1_5_i	13.292	0.4320045263727086
A_OD600	c_1_5_i	24.194000000000003	0.06628321811685697
B_OD600	c_1_5_i	0.0	8.644280755995618e-10
B_OD600	c_1_5_i	13.292	0.47937049307108015
B_OD600	c_1_5_i	24.194000000000003	0.8760193117154157
A_OD600	c_1_5_ii	0.0	-3.935225402789754e-09
A_OD600	c_1_5_ii	13.931	-4.7284736788000796e-09
A_OD600	c_1_5_ii	24.023000000000003	-3.2955385149418662e-09
B_OD600	c_1_5_ii	0.0	0.04165704724642204
B_OD600	c_1_5_ii	13.931	0.6178671418128187
B_OD600	c_1_5_ii	24.023000000000003	0.6204266366415886
A_OD600	c_1_5_iii	0.0	0.015962326987068762
A_OD600	c_1_5_iii	12.505000000000004	0.018381424739348843
B_OD600	c_1_5_iii	0.0	0.0264325746695905
B_OD600	c_1_5_iii	12.505000000000004	0.6821554225490026
A_OD600	c_1_6_i	0.0	0.09014489204233939
A_OD600	c_1_6_i	13.544	0.35490681603640045
A_OD600	c_1_6_i	24.188000000000002	0.20130106487949007
B_OD600	c_1_6_i	0.0	3.059871526034068e-05
B_OD600	c_1_6_i	13.544	0.46878831464598264
B_OD600	c_1_6_i	24.188000000000002	0.9108528471039191
A_OD600	c_1_6_ii	0.0	0.032477996573545796
A_OD600	c_1_6_ii	14.018000000000004	0.04895905605267096
A_OD600	c_1_6_ii	23.808000000000003	0.04287473145550238
B_OD600	c_1_6_ii	0.0	0.04476405744992433
B_OD600	c_1_6_ii	14.018000000000004	0.7248026775658832
B_OD600	c_1_6_ii	23.808000000000003	0.721568805000164
A_OD600	c_1_6_iii	0.0	8.339442635097404e-08
A_OD600	c_1_6_iii	13.211999999999994	1.96242397018603e-07
B_OD600	c_1_6_iii	0.0	0.010503520390784246
B_OD600	c_1_6_iii	13.211999999999994	0.6429495114438094
A_OD600	c_1_7_i	0.0	-5.482680276675132e-09
A_OD600	c_1_7_i	13.4	-8.989691538535536e-09
A_OD600	c_1_7_i	23.889	-8.160165784497626e-09
B_OD600	c_1_7_i	0.0	0.03049435854967582
B_OD600	c_1_7_i	13.4	0.687256211413353
B_OD600	c_1_7_i	23.889	0.6912228515248745
A_OD600	c_1_7_ii	0.0	0.017443508144326013
A_OD600	c_1_7_ii	13.836000000000002	0.03181226406415663
A_OD600	c_1_7_ii	23.494000000000003	0.03505880864613402
B_OD600	c_1_7_ii	0.0	0.04566535233181424
B_OD600	c_1_7_ii	13.836000000000002	0.5818220337133712
B_OD600	c_1_7_ii	23.494000000000003	0.5752370142611805
A_OD600	c_1_7_iii	0.0	0.008409007317846355
A_OD600	c_1_7_iii	14.339	0.015467060901798778
B_OD600	c_1_7_iii	0.0	0.02708790260797738
B_OD600	c_1_7_iii	14.339	0.6355814207139744
A_OD600	c_1_8_i	0.0	0.02837570241630919
A_OD600	c_1_8_i	11.0	0.09846191938148
A_OD600	c_1_8_i	22.5	0.31163740148621705
B_OD600	c_1_8_i	0.0	0.006253395733366449
B_OD600	c_1_8_i	11.0	0.06574543898687991
B_OD600	c_1_8_i	22.5	0.13956414476366835
A_OD600	c_1_8_ii	0.0	0.017808571963557812
A_OD600	c_1_8_ii	12.0	0.06263973137868163
A_OD600	c_1_8_ii	23.23	0.18708134343579244
B_OD600	c_1_8_ii	0.0	0.05257042853373335
B_OD600	c_1_8_ii	12.0	0.15258175668693155
B_OD600	c_1_8_ii	23.23	0.15950218420740048
A_OD600	c_1_8_iii	0.0	0.01370684910692196
A_OD600	c_1_8_iii	13.270000000000005	0.05565955025783772
A_OD600	c_1_8_iii	24.103	0.16013487257125258
B_OD600	c_1_8_iii	0.0	0.042704230497921984
B_OD600	c_1_8_iii	13.270000000000005	0.15370078629251044
B_OD600	c_1_8_iii	24.103	0.16117913072878984
A_OD600	c_1_9_i	0.0	0.010174092686239252
A_OD600	c_1_9_i	13.5	0.042313858688903576
A_OD600	c_1_9_i	24.0	0.08758002933929301
B_OD600	c_1_9_i	0.0	0.010104358632102253
B_OD600	c_1_9_i	13.5	0.19561329470950653
B_OD600	c_1_9_i	24.0	0.3546971044598227
A_OD600	c_1_9_ii	0.0	0.011457274695523299
A_OD600	c_1_9_ii	10.0	0.034790300008388696
A_OD600	c_1_9_ii	24.0	0.09905224797741304
B_OD600	c_1_9_ii	0.0	0.0077565881191381985
B_OD600	c_1_9_ii	10.0	0.09939310137539364
B_OD600	c_1_9_ii	24.0	0.3719247396410433
A_OD600	c_1_9_iii	0.0	0.018261637864197284
A_OD600	c_1_9_iii	12.0	0.06453350540454102
A_OD600	c_1_9_iii	24.0	0.13328219896213875
B_OD600	c_1_9_iii	0.0	0.009805629856209974
B_OD600	c_1_9_iii	12.0	0.19503207494092345
B_OD600	c_1_9_iii	24.0	0.43118636426074775
A_OD600	c_2	0.0	0.006509588574115009
A_OD600	c_2	0.5	0.007137774775276852
A_OD600	c_2	1.0	0.007648386297026331
A_OD600	c_2	1.5	0.008386468386000588
A_OD600	c_2	2.0	0.008986407095148656
A_OD600	c_2	2.5	0.009853610432414868
A_OD600	c_2	3.0	0.010558503368450555
A_OD600	c_2	3.5	0.011577416629471437
A_OD600	c_2	4.0	0.012405624650899708
A_OD600	c_2	4.5	0.013602788209767928
A_OD600	c_2	5.0	0.014575884252735767
A_OD600	c_2	5.5	0.015982481498587865
A_OD600	c_2	6.0	0.017125812502832034
A_OD600	c_2	6.5	0.018778482096251048
A_OD600	c_2	7.0	0.02012182923526154
A_OD600	c_2	7.5	0.022063619462101995
A_OD600	c_2	8.0	0.023641973874996763
A_OD600	c_2	8.5	0.025923463956380625
A_OD600	c_2	9.0	0.027777938187544378
A_OD600	c_2	9.5	0.030458555753606013
A_OD600	c_2	10.0	0.032637454641025195
A_OD600	c_2	10.5	0.035787023685603395
A_OD600	c_2	11.0	0.03834710259210587
A_OD600	c_2	11.5	0.042047662229087
A_OD600	c_2	12.0	0.04505560539055268
A_OD600	c_2	12.5	0.049403546786337106
A_OD600	c_2	13.0	0.052937704284493306
A_OD600	c_2	13.5	0.0580462814288241
A_OD600	c_2	14.0	0.06219871003282383
A_OD600	c_2	14.5	0.06820098974785824
A_OD600	c_2	15.0	0.073079850783932
A_OD600	c_2	15.5	0.08013217881259721
A_OD600	c_2	16.0	0.08586455552084184
A_OD600	c_2	16.5	0.09415062897821304
A_OD600	c_2	17.0	0.10088583674227164
A_OD600	c_2	17.5	0.110621489008095
A_OD600	c_2	18.0	0.12129664803207288
A_OD600	c_2	18.5	0.1299737873696681
A_OD600	c_2	19.0	0.14251647561708947
A_OD600	c_2	19.5	0.15271160745153117
A_OD600	c_2	20.0	0.16744853344538158
A_OD600	c_2	20.5	0.17942721779101056
A_OD600	c_2	21.0	0.1967422449625421
A_OD600	c_2	21.5	0.21081649932484203
A_OD600	c_2	22.0	0.23116064478456583
A_OD600	c_2	22.5	0.24769707150797132
A_OD600	c_2	23.0	0.2716002540178172
A_OD600	c_2	23.5	0.2910295894449147
A_OD600	c_2_10_i	0.0	0.051447494792846146
A_OD600	c_2_10_i	13.5	0.14868992426722386
A_OD600	c_2_10_i	24.0	0.07434014222015531
B_OD600	c_2_10_i	0.0	0.0011196662019283571
B_OD600	c_2_10_i	13.5	0.29681789582390744
B_OD600	c_2_10_i	24.0	0.33664766345197533
A_OD600	c_2_10_ii	0.0	0.1131194362417609
A_OD600	c_2_10_ii	10.0	0.33930315867791183
A_OD600	c_2_10_ii	24.0	0.28754016647018976
B_OD600	c_2_10_ii	0.0	0.0027790408008334213
B_OD600	c_2_10_ii	10.0	0.19503294603943058
B_OD600	c_2_10_ii	24.0	0.2641415118859533
A_OD600	c_2_10_iii	0.0	0.09088663108887494
A_OD600	c_2_10_iii	12.0	0.4263304315854484
A_OD600	c_2_10_iii	24.0	0.5984549948532201
B_OD600	c_2_10_iii	0.0	0.0005356910307000466
B_OD600	c_2_10_iii	12.0	0.15536731062552267
B_OD600	c_2_10_iii	24.0	0.1786791939778161
A_OD600	c_2_11_i	0.0	0.015156309613829166
A_OD600	c_2_11_i	13.5	0.12118951747848716
A_OD600	c_2_11_i	24.0	0.26802232194517833
B_OD600	c_2_11_i	0.0	0.0005161194408564687
B_OD600	c_2_11_i	13.5	0.06001839125079255
B_OD600	c_2_11_i	24.0	0.20424385180409504
A_OD600	c_2_11_ii	0.0	0.013496179993176746
A_OD600	c_2_11_ii	10.0	0.06492669308696848
A_OD600	c_2_11_ii	24.0	0.2311588324001073
B_OD600	c_2_11_ii	0.0	0.0007124116167739764
B_OD600	c_2_11_ii	10.0	0.024736017306724683
B_OD600	c_2_11_ii	24.0	0.1960701059721189
A_OD600	c_2_11_iii	0.0	0.06663341922487806
A_OD600	c_2_11_iii	12.0	0.22872001607150488
A_OD600	c_2_11_iii	24.0	0.35967415345993714
B_OD600	c_2_11_iii	0.0	0.017198330729059234
B_OD600	c_2_11_iii	12.0	0.18620508619639112
B_OD600	c_2_11_iii	24.0	0.23261544631593717
A_OD600	c_2_12_i	0.0	0.008894506710604435
A_OD600	c_2_12_i	13.667	0.0646269179953254
A_OD600	c_2_12_i	24.361	0.09734864269361558
B_OD600	c_2_12_i	0.0	0.001107199213553791
B_OD600	c_2_12_i	13.667	0.03159554901895232
B_OD600	c_2_12_i	24.361	0.12313025316620542
A_OD600	c_2_12_ii	0.0	0.01181933374680892
A_OD600	c_2_12_ii	12.221999999999998	0.07918227823009
A_OD600	c_2_12_ii	24.25	0.3295534020835883
B_OD600	c_2_12_ii	0.0	0.0005597588619447087
B_OD600	c_2_12_ii	12.221999999999998	0.011221985400904869
B_OD600	c_2_12_ii	24.25	0.03210427682516609
A_OD600	c_2_12_iii	0.0	0.032853362862348856
A_OD600	c_2_12_iii	11.278000000000004	0.15103957669462423
A_OD600	c_2_12_iii	23.389000000000006	0.4757870103830788
B_OD600	c_2_12_iii	0.0	0.0038906778993020893
B_OD600	c_2_12_iii	11.278000000000004	0.03341238744212611
B_OD600	c_2_12_iii	23.389000000000006	0.02795817559489671
A_OD600	c_2_3_i	0.0	1.0363930877728688e-09
A_OD600	c_2_3_i	13.125	4.27419481538087e-09
A_OD600	c_2_3_i	24.5	9.546366076829284e-09
B_OD600	c_2_3_i	0.0	0.019660007386408277
B_OD600	c_2_3_i	13.125	0.6494717164319765
B_OD600	c_2_3_i	24.5	0.6556737964752962
A_OD600	c_2_3_ii	0.0	0.004576334435863229
A_OD600	c_2_3_ii	12.457999999999998	0.01785432552667093
A_OD600	c_2_3_ii	24.05	0.04515469376496674
B_OD600	c_2_3_ii	0.0	0.02971252470797673
B_OD600	c_2_3_ii	12.457999999999998	0.604763675135176
B_OD600	c_2_3_ii	24.05	0.5472553450394414
A_OD600	c_2_3_iii	0.0	0.003651802623712988
A_OD600	c_2_3_iii	13.017000000000005	0.014490128430137845
A_OD600	c_2_3_iii	22.60000000000001	0.030803948734967862
B_OD600	c_2_3_iii	0.0	0.031215489750428205
B_OD600	c_2_3_iii	13.017000000000005	0.6148862028031309
B_OD600	c_2_3_iii	22.60000000000001	0.5807359614017098
A_OD600	c_2_4_i	0.0	0.007138386280878269
A_OD600	c_2_4_i	11.0	0.03976649079057716
A_OD600	c_2_4_i	22.5	0.053440022542321594
B_OD600	c_2_4_i	0.0	0.0014754770722188594
B_OD600	c_2_4_i	11.0	0.029878609292212095
B_OD600	c_2_4_i	22.5	0.47773432019564394
A_OD600	c_2_4_ii	0.0	0.0013844916284779388
A_OD600	c_2_4_ii	12.0	0.005357293032791715
A_OD600	c_2_4_ii	23.23	0.007478092115113145
B_OD600	c_2_4_ii	0.0	0.02680403893618019
B_OD600	c_2_4_ii	12.0	0.16565856218786285
B_OD600	c_2_4_ii	23.23	0.2741873211154385
A_OD600	c_2_4_iii	0.0	0.0015601167601942297
A_OD600	c_2_4_iii	13.270000000000005	0.012208409991527402
A_OD600	c_2_4_iii	24.103	0.031861247355583835
B_OD600	c_2_4_iii	0.0	0.0018420571423676888
B_OD600	c_2_4_iii	13.270000000000005	0.03434391953689269
B_OD600	c_2_4_iii	24.103	0.26673927488392923
A_OD600	c_2_5_i	0.0	0.022215539805138376
A_OD600	c_2_5_i	13.667	0.1008422337187684
A_OD600	c_2_5_i	25.028000000000002	0.03139563780414294
B_OD600	c_2_5_i	0.0	0.00022221779349330928
B_OD600	c_2_5_i	13.667	0.6302257850004807
B_OD600	c_2_5_i	25.028000000000002	0.6738814234271865
A_OD600	c_2_5_ii	0.0	3.4578360062490745e-08
A_OD600	c_2_5_ii	12.972	1.0220829981213306e-07
A_OD600	c_2_5_ii	24.361000000000004	4.604451351697387e-08
B_OD600	c_2_5_ii	0.0	0.002835966287146256
B_OD600	c_2_5_ii	12.972	0.5677249411151515
B_OD600	c_2_5_ii	24.361000000000004	0.6203446659530073
A_OD600	c_2_5_iii	0.0	0.014720475581801416
A_OD600	c_2_5_iii	11.567	0.017804508124792527
A_OD600	c_2_5_iii	21.761000000000006	0.007851467479421595
B_OD600	c_2_5_iii	0.0	0.030588624060749293
B_OD600	c_2_5_iii	11.567	0.6387087488095757
B_OD600	c_2_5_iii	21.761000000000006	0.6335104070741512
A_OD600	c_2_6_i	0.0	0.0033699721207317334
A_OD600	c_2_6_i	11.0	0.01778966107225478
A_OD600	c_2_6_i	22.5	0.04424309616613041
B_OD600	c_2_6_i	0.0	0.0013012324894884934
B_OD600	c_2_6_i	11.0	0.36939161001547594
B_OD600	c_2_6_i	22.5	0.7994185959123233
A_OD600	c_2_6_ii	0.0	-4.1763249126816767e-10
A_OD600	c_2_6_ii	12.0	-2.1720330820401075e-09
A_OD600	c_2_6_ii	23.23	-5.513228369042749e-09
B_OD600	c_2_6_ii	0.0	0.005134585035213642
B_OD600	c_2_6_ii	12.0	0.5691635203347596
B_OD600	c_2_6_ii	23.23	0.6733397564900789
A_OD600	c_2_6_iii	0.0	-4.103876877722153e-10
A_OD600	c_2_6_iii	13.270000000000005	-2.510446799938774e-09
A_OD600	c_2_6_iii	24.103	-6.115724421135486e-09
B_OD600	c_2_6_iii	0.0	0.00357481656396995
B_OD600	c_2_6_iii	13.270000000000005	0.595240211921983
B_OD600	c_2_6_iii	24.103	0.6733753785583948
A_OD600	c_2_7_i	0.0	-3.5915627890848224e-09
A_OD600	c_2_7_i	13.125	-7.683886112965548e-09
A_OD600	c_2_7_i	24.5	-7.476602729441982e-09
B_OD600	c_2_7_i	0.0	0.030642992835394293
B_OD600	c_2_7_i	13.125	0.6865483731165921
B_OD600	c_2_7_i	24.5	0.6912250442094425
A_OD600	c_2_7_ii	0.0	0.011311589637955354
A_OD600	c_2_7_ii	12.457999999999998	0.028838935734093036
A_OD600	c_2_7_ii	24.05	0.03859602539789484
B_OD600	c_2_7_ii	0.0	0.03374920630320586
B_OD600	c_2_7_ii	12.457999999999998	0.5804893648127902
B_OD600	c_2_7_ii	24.05	0.5570741903072433
A_OD600	c_2_7_iii	0.0	0.0073046477937496294
A_OD600	c_2_7_iii	13.017000000000005	0.01825737725587225
A_OD600	c_2_7_iii	22.60000000000001	0.020953719302298033
B_OD600	c_2_7_iii	0.0	0.028417928293888332
B_OD600	c_2_7_iii	13.017000000000005	0.6184773841736213
B_OD600	c_2_7_iii	22.60000000000001	0.6163813290624522
A_OD600	c_2_8_i	0.0	0.007709069374641183
A_OD600	c_2_8_i	11.0	0.03955108430339806
A_OD600	c_2_8_i	22.5	0.11462788902343092
B_OD600	c_2_8_i	0.0	0.0012916593234054135
B_OD600	c_2_8_i	11.0	0.015432567154885368
B_OD600	c_2_8_i	22.5	0.04842420678240793
A_OD600	c_2_8_ii	0.0	0.018478621256025077
A_OD600	c_2_8_ii	12.0	0.07942509176855223
A_OD600	c_2_8_ii	23.23	0.1641041363161146
B_OD600	c_2_8_ii	0.0	0.00520791281842674
B_OD600	c_2_8_ii	12.0	0.03869387174801143
B_OD600	c_2_8_ii	23.23	0.045775674796752874
A_OD600	c_2_8_iii	0.0	0.020242095142037446
A_OD600	c_2_8_iii	13.270000000000005	0.09503701687269354
A_OD600	c_2_8_iii	24.103	0.20629049332397317
B_OD600	c_2_8_iii	0.0	0.005606059007941904
B_OD600	c_2_8_iii	13.270000000000005	0.04191172737800042
B_OD600	c_2_8_iii	24.103	0.03575139689096414
A_OD600	c_2_9_i	0.0	5.768878001377222e-10
A_OD600	c_2_9_i	11.0	2.934107360241301e-09
A_OD600	c_2_9_i	22.5	5.911044222601118e-09
B_OD600	c_2_9_i	0.0	0.0028768828976396617
B_OD600	c_2_9_i	11.0	0.04112420591540636
B_OD600	c_2_9_i	22.5	0.18922397179486877
A_OD600	c_2_9_ii	0.0	0.006339633383308441
A_OD600	c_2_9_ii	12.0	0.021788925903823343
A_OD600	c_2_9_ii	23.23	0.036426997522595136
B_OD600	c_2_9_ii	0.0	0.02202903919957459
B_OD600	c_2_9_ii	12.0	0.11470113447699813
B_OD600	c_2_9_ii	23.23	0.13387270873946558
A_OD600	c_2_9_iii	0.0	0.002322313627447898
A_OD600	c_2_9_iii	13.270000000000005	0.016590527927240428
A_OD600	c_2_9_iii	24.103	0.04810582199043733
B_OD600	c_2_9_iii	0.0	0.002333091482749503
B_OD600	c_2_9_iii	13.270000000000005	0.04075696052429952
B_OD600	c_2_9_iii	24.103	0.08900733746505436
A_OD600	c_3	0.0	0.005860983553904109
A_OD600	c_3	0.5	0.008466890042981677
A_OD600	c_3	1.0	0.011142960838571612
A_OD600	c_3	1.5	0.016033887128461672
A_OD600	c_3	2.0	0.0210166354855225
A_OD600	c_3	2.5	0.030020795495916717
A_OD600	c_3	3.0	0.03906054088798801
A_OD600	c_3	3.5	0.05506503855287862
A_OD600	c_3	4.0	0.07072027770011712
A_OD600	c_3	4.5	0.09747817778817844
A_OD600	c_3	5.0	0.12254036054704143
A_OD600	c_3	5.5	0.16304885261543112
A_OD600	c_3	6.0	0.19857857627566247
A_OD600	c_3	6.5	0.25167253870737427
A_OD600	c_3	7.0	0.2943874369665411
A_OD600	c_3	7.5	0.35250665931871733
A_OD600	c_3	8.0	0.3950053030261313
A_OD600	c_3	8.5	0.44767906054235806
A_OD600	c_3	9.0	0.48295259718071465
A_OD600	c_3	9.5	0.5233943966632615
A_OD600	c_3	10.0	0.5486774796814987
A_OD600	c_3	10.5	0.5760779388378487
A_OD600	c_3	11.0	0.5924166827293382
A_OD600	c_3	11.5	0.6094864858747582
A_OD600	c_3	12.0	0.6193663823080294
A_OD600	c_3	12.5	0.629460918474132
A_OD600	c_3	13.0	0.63520082826796
A_OD600	c_3	13.5	0.640989765500315
A_OD600	c_3	14.0	0.6442479809047467
A_OD600	c_3	14.5	0.6475098425022576
A_OD600	c_3	15.0	0.6493351654914352
A_OD600	c_3	15.5	0.6511549760067031
A_OD600	c_3	16.0	0.6521700550235078
A_OD600	c_3	16.5	0.6531797380151065
A_OD600	c_3	17.0	0.6537419253533194
A_OD600	c_3	17.5	0.6543004103565552
A_OD600	c_3	18.0	0.6546982415252016
A_OD600	c_3	18.5	0.6549194550812878
A_OD600	c_3	19.0	0.6551390017387523
A_OD600	c_3	19.5	0.6552610328413742
A_OD600	c_3	20.0	0.6553821108226835
A_OD600	c_3	20.5	0.655449395402088
A_OD600	c_3	21.0	0.6555161442476677
A_OD600	c_3	21.5	0.6555532330382714
A_OD600	c_3	22.0	0.6555900234185105
A_OD600	c_3	22.5	0.6556104645450406
A_OD600	c_3	23.0	0.6556307402634899
A_OD600	c_3	23.5	0.6556420052628282
A_OD600	c_3_10_i	0.0	0.0001521381052571966
A_OD600	c_3_10_i	12.777999999999999	0.6230696243371523
A_OD600	c_3_10_i	23.896	0.8779812657341036
B_OD600	c_3_10_i	0.0	0.01276501959058056
B_OD600	c_3_10_i	12.777999999999999	0.4313772708287297
B_OD600	c_3_10_i	23.896	0.4984334266730703
A_OD600	c_3_10_ii	0.0	0.04041029446916041
A_OD600	c_3_10_ii	12.915	0.6522849145115557
A_OD600	c_3_10_ii	24.041999999999998	0.6736550820646554
B_OD600	c_3_10_ii	0.0	2.888899884828628e-11
B_OD600	c_3_10_ii	12.915	2.7461558002701923e-06
B_OD600	c_3_10_ii	24.041999999999998	0.08976754243989728
A_OD600	c_3_10_iii	0.0	0.036675399468860656
A_OD600	c_3_10_iii	12.72	0.6675271441407985
B_OD600	c_3_10_iii	0.0	1.4492142312032764e-06
B_OD600	c_3_10_iii	12.72	0.0818945235662529
A_OD600	c_3_11_i	0.0	0.01397929597065356
A_OD600	c_3_11_i	13.095999999999998	0.8013374690956034
A_OD600	c_3_11_i	23.95	0.8654146652812903
B_OD600	c_3_11_i	0.0	0.00535448735886087
B_OD600	c_3_11_i	13.095999999999998	0.08091488199144178
B_OD600	c_3_11_i	23.95	0.10248515258670894
A_OD600	c_3_11_ii	0.0	0.03611045471551858
A_OD600	c_3_11_ii	13.250000000000005	0.6524824656293003
A_OD600	c_3_11_ii	23.866999999999997	0.6556752965895587
B_OD600	c_3_11_ii	0.0	-4.894177940969714e-12
B_OD600	c_3_11_ii	13.250000000000005	-2.574742546399924e-10
B_OD600	c_3_11_ii	23.866999999999997	-4.6892788936464615e-09
A_OD600	c_3_11_iii	0.0	0.0022129390900626424
A_OD600	c_3_11_iii	13.243000000000002	0.6180459212479341
B_OD600	c_3_11_iii	0.0	3.130681919463203e-05
B_OD600	c_3_11_iii	13.243000000000002	0.0022678654414391747
A_OD600	c_3_12_i	0.0	0.02148986175196229
A_OD600	c_3_12_i	14.208	0.6442911206087962
A_OD600	c_3_12_i	25.344	0.6333186873671126
B_OD600	c_3_12_i	0.0	0.0005444496580922873
B_OD600	c_3_12_i	14.208	0.005407592945395463
B_OD600	c_3_12_i	25.344	0.014324321095243625
A_OD600	c_3_12_ii	0.0	0.030339278340880776
A_OD600	c_3_12_ii	12.747999999999998	0.6116981396884289
A_OD600	c_3_12_ii	23.8	0.5675421396216342
B_OD600	c_3_12_ii	0.0	0.0033490682863375654
B_OD600	c_3_12_ii	12.747999999999998	0.024636800791636833
B_OD600	c_3_12_ii	23.8	0.055665735213357076
A_OD600	c_3_12_iii	0.0	0.028779915730834344
A_OD600	c_3_12_iii	12.967	0.6400829318269615
A_OD600	c_3_12_iii	22.00600000000001	0.6317983839809882
B_OD600	c_3_12_iii	0.0	0.00085626275697383
B_OD600	c_3_12_iii	12.967	0.0069041744852929915
B_OD600	c_3_12_iii	22.00600000000001	0.015281933449951665
A_OD600	c_3_4_i	0.0	0.01486822838218334
A_OD600	c_3_4_i	14.65	0.652500709397271
A_OD600	c_3_4_i	25.84	0.6556768525755369
B_OD600	c_3_4_i	0.0	3.218350609894913e-09
B_OD600	c_3_4_i	14.65	1.3135508102458667e-08
B_OD600	c_3_4_i	25.84	1.6460858029067648e-08
A_OD600	c_3_4_ii	0.0	0.03201853460415209
A_OD600	c_3_4_ii	13.435	0.5966265759582664
A_OD600	c_3_4_ii	23.027	0.5917250697467971
B_OD600	c_3_4_ii	0.0	0.00824996498656784
B_OD600	c_3_4_ii	13.435	0.02462506464623937
B_OD600	c_3_4_ii	23.027	0.02867883579827567
A_OD600	c_3_4_iii	0.0	0.028776931421506967
A_OD600	c_3_4_iii	13.793	0.6456743317911334
B_OD600	c_3_4_iii	0.0	0.00097147930119308
B_OD600	c_3_4_iii	13.793	0.003188454694709489
A_OD600	c_3_5_i	0.0	0.011734387445291254
A_OD600	c_3_5_i	15.389000000000001	0.39341684395517845
A_OD600	c_3_5_i	26.344	0.3910102010266045
B_OD600	c_3_5_i	0.0	0.010280999060817305
B_OD600	c_3_5_i	15.389000000000001	0.2886226769649399
B_OD600	c_3_5_i	26.344	0.2929155080203907
A_OD600	c_3_5_ii	0.0	0.019951491977758036
A_OD600	c_3_5_ii	13.356000000000002	0.40499305264825686
A_OD600	c_3_5_ii	23.434	0.39977353830088586
B_OD600	c_3_5_ii	0.0	0.015285318527667078
B_OD600	c_3_5_ii	13.356000000000002	0.275169491740651
B_OD600	c_3_5_ii	23.434	0.2842482722881139
A_OD600	c_3_5_iii	0.0	0.01697128319398852
A_OD600	c_3_5_iii	13.933	0.37990957024677086
B_OD600	c_3_5_iii	0.0	0.016273415090965138
B_OD600	c_3_5_iii	13.933	0.3007997412083894
A_OD600	c_3_6_i	0.0	0.012639421645477048
A_OD600	c_3_6_i	14.53	0.47717726996917914
A_OD600	c_3_6_i	25.561	0.5176004155628106
B_OD600	c_3_6_i	0.0	0.014129055334514497
B_OD600	c_3_6_i	14.53	0.22424471621958741
B_OD600	c_3_6_i	25.561	0.18019839449502228
A_OD600	c_3_6_ii	0.0	0.02050854209117784
A_OD600	c_3_6_ii	13.532000000000005	0.5092677095432518
A_OD600	c_3_6_ii	23.05	0.5342558463437784
B_OD600	c_3_6_ii	0.0	0.01492688239256087
B_OD600	c_3_6_ii	13.532000000000005	0.18527653771456615
B_OD600	c_3_6_ii	23.05	0.15976208347469523
A_OD600	c_3_6_iii	0.0	0.023907528516966918
A_OD600	c_3_6_iii	14.050000000000004	0.5912231478569652
B_OD600	c_3_6_iii	0.0	0.005364824382915896
B_OD600	c_3_6_iii	14.050000000000004	0.08351951858194187
A_OD600	c_3_7_i	0.0	0.01158474923855126
A_OD600	c_3_7_i	14.53	0.25917430956683996
A_OD600	c_3_7_i	25.561	0.23047443838882276
B_OD600	c_3_7_i	0.0	0.014223166166625383
B_OD600	c_3_7_i	14.53	0.34481331123409614
B_OD600	c_3_7_i	25.561	0.3787665516082837
A_OD600	c_3_7_ii	0.0	0.012000305523562592
A_OD600	c_3_7_ii	13.532000000000005	0.23116102005630576
A_OD600	c_3_7_ii	23.05	0.18882979790106025
B_OD600	c_3_7_ii	0.0	0.016563630476601584
B_OD600	c_3_7_ii	13.532000000000005	0.37485919183038086
B_OD600	c_3_7_ii	23.05	0.42740649752524884
A_OD600	c_3_7_iii	0.0	0.007590081239540881
A_OD600	c_3_7_iii	14.050000000000004	0.1525570004251861
B_OD600	c_3_7_iii	0.0	0.015101314116310981
B_OD600	c_3_7_iii	14.050000000000004	0.469090815159602
A_OD600	c_3_8_i	0.0	2.6345376533212695e-06
A_OD600	c_3_8_i	13.833	1.366185511571924
A_OD600	c_3_8_i	24.511	1.1646878296584844
B_OD600	c_3_8_i	0.0	0.0169502920604882
B_OD600	c_3_8_i	13.833	0.08959613974717823
B_OD600	c_3_8_i	24.511	0.06260091397717278
A_OD600	c_3_8_ii	0.0	0.06261295891198225
A_OD600	c_3_8_ii	13.706	0.8380521012353169
A_OD600	c_3_8_ii	23.461	1.0243607168753206
B_OD600	c_3_8_ii	0.0	0.0029206770894486503
B_OD600	c_3_8_ii	13.706	0.025767234473477073
B_OD600	c_3_8_ii	23.461	0.04770339142376869
A_OD600	c_3_8_iii	0.0	0.04714247704087771
A_OD600	c_3_8_iii	13.906	0.9425903504732137
B_OD600	c_3_8_iii	0.0	0.005586185642937914
B_OD600	c_3_8_iii	13.906	0.038478066145902816
A_OD600	c_3_9_i	0.0	0.015503990389281625
A_OD600	c_3_9_i	12.777999999999999	0.4788765349336445
A_OD600	c_3_9_i	23.896	0.4174088977456046
B_OD600	c_3_9_i	0.0	0.024519544996416915
B_OD600	c_3_9_i	12.777999999999999	0.18180385406395894
B_OD600	c_3_9_i	23.896	0.23587953986985127
A_OD600	c_3_9_ii	0.0	0.0047995759292777974
A_OD600	c_3_9_ii	12.915	0.43134245636049845
A_OD600	c_3_9_ii	24.041999999999998	0.4146548651681977
B_OD600	c_3_9_ii	0.0	0.03193222154566103
B_OD600	c_3_9_ii	12.915	0.19416364749918125
B_OD600	c_3_9_ii	24.041999999999998	0.2369642874078964
A_OD600	c_3_9_iii	0.0	0.01807681394448478
A_OD600	c_3_9_iii	12.72	0.45256394886189316
B_OD600	c_3_9_iii	0.0	0.04001658227746167
B_OD600	c_3_9_iii	12.72	0.20132002620380604
A_OD600	c_4	0.0	0.013147353055202662
A_OD600	c_4	0.5	0.014726295139467382
A_OD600	c_4	1.0	0.016025462905493598
A_OD600	c_4	1.5	0.017924102888614846
A_OD600	c_4	2.0	0.019482217610663877
A_OD600	c_4	2.5	0.021752660149517856
A_OD600	c_4	3.0	0.02361004162368782
A_OD600	c_4	3.5	0.02630717870874783
A_OD600	c_4	4.0	0.028505393825424413
A_OD600	c_4	4.5	0.03168436403478502
A_OD600	c_4	5.0	0.03426388778730082
A_OD600	c_4	5.5	0.03797634130243784
A_OD600	c_4	6.0	0.04097327995299054
A_OD600	c_4	6.5	0.04526238192958459
A_OD600	c_4	7.0	0.04870428230500898
A_OD600	c_4	7.5	0.053598615786388665
A_OD600	c_4	8.0	0.05749959846236683
A_OD600	c_4	8.5	0.0630064651055631
A_OD600	c_4	9.0	0.06736220325246564
A_OD600	c_4	9.5	0.07346122051414154
A_OD600	c_4	10.0	0.07824458295681985
A_OD600	c_4	10.5	0.08488282978489232
A_OD600	c_4	11.0	0.09004120987171106
A_OD600	c_4	11.5	0.09713131358576485
A_OD600	c_4	12.0	0.10258664256057935
A_OD600	c_4	12.5	0.110008961817386
A_OD600	c_4	13.0	0.11566105802141041
A_OD600	c_4	13.5	0.12327043119708087
A_OD600	c_4	14.0	0.129003676034847
A_OD600	c_4	14.5	0.13664018734360409
A_OD600	c_4	15.0	0.14233271073064002
A_OD600	c_4	15.5	0.14983488843199788
A_OD600	c_4	16.0	0.15536876969930716
A_OD600	c_4	16.5	0.16258696066473916
A_OD600	c_4	17.0	0.16785767316937897
A_OD600	c_4	17.5	0.17466530832534213
A_OD600	c_4	18.0	0.18119310061474533
A_OD600	c_4	18.5	0.18588995115943874
A_OD600	c_4	19.0	0.19187140784736617
A_OD600	c_4	19.5	0.1961390233512869
A_OD600	c_4	20.0	0.20153070598590853
A_OD600	c_4	20.5	0.20534836311242025
A_OD600	c_4	21.0	0.21013729531902672
A_OD600	c_4	21.5	0.2135052889548473
A_OD600	c_4	22.0	0.21770364901372244
A_OD600	c_4	22.5	0.22063880866003777
A_OD600	c_4	23.0	0.22427760144061906
A_OD600	c_4	23.5	0.2268084748030651
A_OD600	c_4_10_i	0.0	0.00015023282874422313
A_OD600	c_4_10_i	11.0	0.002051617351731693
A_OD600	c_4_10_i	22.5	0.36181394452279375
B_OD600	c_4_10_i	0.0	8.768741838623115e-05
B_OD600	c_4_10_i	11.0	0.1564002082790117
B_OD600	c_4_10_i	22.5	0.24834620862286444
A_OD600	c_4_10_ii	0.0	0.022591233284364045
A_OD600	c_4_10_ii	12.0	0.44889525968538757
A_OD600	c_4_10_ii	23.23	0.450134912369705
B_OD600	c_4_10_ii	0.0	0.023950279045620294
B_OD600	c_4_10_ii	12.0	0.192048306930777
B_OD600	c_4_10_ii	23.23	0.1509435624239849
A_OD600	c_4_10_iii	0.0	0.0727750251466181
A_OD600	c_4_10_iii	13.270000000000005	0.22217553083777533
A_OD600	c_4_10_iii	24.103	0.27201359179562384
B_OD600	c_4_10_iii	0.0	1.0434305938136293e-07
B_OD600	c_4_10_iii	13.270000000000005	0.00024269577752062175
B_OD600	c_4_10_iii	24.103	0.041708328898831415
A_OD600	c_4_11_i	0.0	0.006761372129903885
A_OD600	c_4_11_i	11.0	0.0614965059676729
A_OD600	c_4_11_i	22.5	0.3268438101528814
B_OD600	c_4_11_i	0.0	0.00043868904909030065
B_OD600	c_4_11_i	11.0	0.014179669478729104
B_OD600	c_4_11_i	22.5	0.037894127996464445
A_OD600	c_4_11_ii	0.0	0.003473548184290124
A_OD600	c_4_11_ii	12.0	0.03748420208267108
A_OD600	c_4_11_ii	23.23	0.1772128090998968
B_OD600	c_4_11_ii	0.0	9.427601257694823e-06
B_OD600	c_4_11_ii	12.0	0.0005353309800714336
B_OD600	c_4_11_ii	23.23	0.00849662905676346
A_OD600	c_4_11_iii	0.0	0.028457112490319496
A_OD600	c_4_11_iii	13.270000000000005	0.2412145905797608
A_OD600	c_4_11_iii	24.103	0.3400392350284084
B_OD600	c_4_11_iii	0.0	0.0021833295869732607
B_OD600	c_4_11_iii	13.270000000000005	0.03299185012599739
B_OD600	c_4_11_iii	24.103	0.024346451267267498
A_OD600	c_4_12_i	0.0	0.00012913913927968667
A_OD600	c_4_12_i	13.667	0.0024247250146872375
A_OD600	c_4_12_i	24.361	0.05192943985389198
B_OD600	c_4_12_i	0.0	0.00011831441270646376
B_OD600	c_4_12_i	13.667	0.005481754626745784
B_OD600	c_4_12_i	24.361	0.07143569439110212
A_OD600	c_4_12_ii	0.0	0.002171964793698095
A_OD600	c_4_12_ii	12.221999999999998	0.026574462719357404
A_OD600	c_4_12_ii	24.25	0.18789918622376087
B_OD600	c_4_12_ii	0.0	7.768132447088212e-05
B_OD600	c_4_12_ii	12.221999999999998	0.0021520094865345248
B_OD600	c_4_12_ii	24.25	0.017697588771707205
A_OD600	c_4_12_iii	0.0	0.03190155711189737
A_OD600	c_4_12_iii	11.278000000000004	0.3440625092807011
A_OD600	c_4_12_iii	23.389000000000006	0.31887922911631894
B_OD600	c_4_12_iii	0.0	0.02005224077935516
B_OD600	c_4_12_iii	11.278000000000004	0.04278820204800412
B_OD600	c_4_12_iii	23.389000000000006	0.011600893477150308
A_OD600	c_4_5_i	0.0	0.003842345055788509
A_OD600	c_4_5_i	15.0	0.020832465155148413
A_OD600	c_4_5_i	25.623	0.03334297031804096
B_OD600	c_4_5_i	0.0	0.014570036347896234
B_OD600	c_4_5_i	15.0	0.5826244928437863
B_OD600	c_4_5_i	25.623	0.5669761327574645
A_OD600	c_4_5_ii	0.0	0.01563808716165317
A_OD600	c_4_5_ii	13.944	0.05733579830687153
A_OD600	c_4_5_ii	23.71	0.07569290931329158
B_OD600	c_4_5_ii	0.0	0.028605838084784577
B_OD600	c_4_5_ii	13.944	0.5219775376318524
B_OD600	c_4_5_ii	23.71	0.4963929712535794
A_OD600	c_4_5_iii	0.0	0.002224901922615976
A_OD600	c_4_5_iii	13.027	0.009999753118564212
B_OD600	c_4_5_iii	0.0	0.024649592527161434
B_OD600	c_4_5_iii	13.027	0.5972677622760267
A_OD600	c_4_6_i	0.0	0.01655984017109594
A_OD600	c_4_6_i	13.57	0.0678897432001242
A_OD600	c_4_6_i	25.778000000000002	0.08316303867393775
B_OD600	c_4_6_i	0.0	0.01754636834373311
B_OD600	c_4_6_i	13.57	0.6287889743237168
B_OD600	c_4_6_i	25.778000000000002	0.640106728801045
A_OD600	c_4_6_ii	0.0	0.011220754044711498
A_OD600	c_4_6_ii	12.972	0.05294201115115767
A_OD600	c_4_6_ii	23.122	0.07005159163574877
B_OD600	c_4_6_ii	0.0	0.014596468681323523
B_OD600	c_4_6_ii	12.972	0.6254312191907598
B_OD600	c_4_6_ii	23.122	0.6457902801432222
A_OD600	c_4_6_iii	0.0	0.024675944439914946
A_OD600	c_4_6_iii	12.947000000000005	0.11157403337992881
B_OD600	c_4_6_iii	0.0	0.0032839611551298154
B_OD600	c_4_6_iii	12.947000000000005	0.5207763580564141
A_OD600	c_4_7_i	0.0	-1.1706782084763706e-09
A_OD600	c_4_7_i	14.65	-3.693371788338947e-09
A_OD600	c_4_7_i	25.84	-3.5886117488207083e-09
B_OD600	c_4_7_i	0.0	0.01900904113599329
B_OD600	c_4_7_i	14.65	0.6883202934173431
B_OD600	c_4_7_i	25.84	0.6912267664436529
A_OD600	c_4_7_ii	0.0	0.01287459865247704
A_OD600	c_4_7_ii	13.435	0.034369417313847885
A_OD600	c_4_7_ii	23.027	0.03578243058853059
B_OD600	c_4_7_ii	0.0	0.03331245969443642
B_OD600	c_4_7_ii	13.435	0.5738091901953118
B_OD600	c_4_7_ii	23.027	0.5749740529050847
A_OD600	c_4_7_iii	0.0	0.00615716809997035
A_OD600	c_4_7_iii	13.793	0.017493229899807377
B_OD600	c_4_7_iii	0.0	0.02711573167982303
B_OD600	c_4_7_iii	13.793	0.6296243366705073
A_OD600	c_4_8_i	0.0	5.20865534971016e-05
A_OD600	c_4_8_i	11.0	0.0018414260244061199
A_OD600	c_4_8_i	22.5	0.6581160344277813
B_OD600	c_4_8_i	0.0	0.00459864280370494
B_OD600	c_4_8_i	11.0	0.05756856191682255
B_OD600	c_4_8_i	22.5	0.06816153029033566
A_OD600	c_4_8_ii	0.0	0.0014462681005458873
A_OD600	c_4_8_ii	12.0	0.5981568362234473
A_OD600	c_4_8_ii	23.23	0.47646815301912604
B_OD600	c_4_8_ii	0.0	0.03429948069603225
B_OD600	c_4_8_ii	12.0	0.08093143865967961
B_OD600	c_4_8_ii	23.23	0.03293507468066369
A_OD600	c_4_8_iii	0.0	3.929573683641209e-05
A_OD600	c_4_8_iii	13.270000000000005	0.4258450448761695
A_OD600	c_4_8_iii	24.103	0.49892029344067135
B_OD600	c_4_8_iii	0.0	0.041948492934589764
B_OD600	c_4_8_iii	13.270000000000005	0.12267296549781581
B_OD600	c_4_8_iii	24.103	0.03464180680706564
A_OD600	c_4_9_i	0.0	0.0001539544141637756
A_OD600	c_4_9_i	13.360999999999999	0.0029306732452718913
A_OD600	c_4_9_i	24.146	0.09592088328254447
B_OD600	c_4_9_i	0.0	0.0004351794360477081
B_OD600	c_4_9_i	13.360999999999999	0.013130639963172461
B_OD600	c_4_9_i	24.146	0.0999349865792153
A_OD600	c_4_9_ii	0.0	0.008870988230107249
A_OD600	c_4_9_ii	12.604000000000001	0.08709944696410844
A_OD600	c_4_9_ii	24.142	0.21899732000341146
B_OD600	c_4_9_ii	0.0	3.4895145125258116e-10
B_OD600	c_4_9_ii	12.604000000000001	6.71783994965973e-09
B_OD600	c_4_9_ii	24.142	3.6829593678339367e-08
A_OD600	c_4_9_iii	0.0	0.022681493493271306
A_OD600	c_4_9_iii	12.004000000000005	0.3397711602940341
A_OD600	c_4_9_iii	23.712000000000003	0.37573311765838985
B_OD600	c_4_9_iii	0.0	0.017512594877925666
B_OD600	c_4_9_iii	12.004000000000005	0.06514597521654275
B_OD600	c_4_9_iii	23.712000000000003	0.03210674967203934
A_OD600	c_5	0.0	0.012825141002092
A_OD600	c_5	0.5	0.018042765020689057
A_OD600	c_5	1.0	0.02325059514260628
A_OD600	c_5	1.5	0.03246338006734723
A_OD600	c_5	2.0	0.041522275837664345
A_OD600	c_5	2.5	0.057223987576871124
A_OD600	c_5	3.0	0.07227505109257094
A_OD600	c_5	3.5	0.09749822052107475
A_OD600	c_5	4.0	0.1207078089256537
A_OD600	c_5	4.5	0.15764791393447997
A_OD600	c_5	5.0	0.18966371370764448
A_OD600	c_5	5.5	0.23714679010336068
A_OD600	c_5	6.0	0.2752412540999731
A_OD600	c_5	6.5	0.32721088327552844
A_OD600	c_5	7.0	0.36549572309951894
A_OD600	c_5	7.5	0.41351849617507364
A_OD600	c_5	8.0	0.4461781522438588
A_OD600	c_5	8.5	0.48429998613857966
A_OD600	c_5	9.0	0.5086078845927116
A_OD600	c_5	9.5	0.535491259141103
A_OD600	c_5	10.0	0.5518609951869868
A_OD600	c_5	10.5	0.5693151906248337
A_OD600	c_5	11.0	0.5796267706253537
A_OD600	c_5	11.5	0.59036993232733
A_OD600	c_5	12.0	0.5965989108021872
A_OD600	c_5	12.5	0.6029982023281744
A_OD600	c_5	13.0	0.6066671863952854
A_OD600	c_5	13.5	0.610405409785322
A_OD600	c_5	14.0	0.6125346574098226
A_OD600	c_5	14.5	0.6146936756584838
A_OD600	c_5	15.0	0.6159187624458256
A_OD600	c_5	15.5	0.6171575419924636
A_OD600	c_5	16.0	0.617858927454622
A_OD600	c_5	16.5	0.6185670279763547
A_OD600	c_5	17.0	0.6189674478116655
A_OD600	c_5	17.5	0.619371335191923
A_OD600	c_5	18.0	0.6196642012417256
A_OD600	c_5	18.5	0.6198296516386326
A_OD600	c_5	19.0	0.6199964172870985
A_OD600	c_5	19.5	0.6200906013994535
A_OD600	c_5	20.0	0.6201855139980037
A_OD600	c_5	20.5	0.6202391087436868
A_OD600	c_5	21.0	0.6202931114782647
A_OD600	c_5	21.5	0.6203236025532203
A_OD600	c_5	22.0	0.6203543236207975
A_OD600	c_5	22.5	0.6203716684390586
A_OD600	c_5	23.0	0.6203891434024007
A_OD600	c_5	23.5	0.6203990092939407
A_OD600	c_5_10_i	0.0	0.00028547532839854684
A_OD600	c_5_10_i	11.0	0.17467601284414974
A_OD600	c_5_10_i	22.5	0.6974531762301418
B_OD600	c_5_10_i	0.0	2.1927098054004022e-05
B_OD600	c_5_10_i	11.0	0.06078603499609096
B_OD600	c_5_10_i	22.5	0.3757093665528647
A_OD600	c_5_10_ii	0.0	0.037170286199389266
A_OD600	c_5_10_ii	12.0	0.6116349159347699
A_OD600	c_5_10_ii	23.23	0.6244028993177027
B_OD600	c_5_10_ii	0.0	1.03984673117853e-09
B_OD600	c_5_10_ii	12.0	8.581612602470656e-06
B_OD600	c_5_10_ii	23.23	0.04019999907898537
A_OD600	c_5_10_iii	0.0	0.0033002326765831915
A_OD600	c_5_10_iii	13.270000000000005	0.5806245780850141
A_OD600	c_5_10_iii	24.103	0.6253720449728948
B_OD600	c_5_10_iii	0.0	7.642828412017819e-10
B_OD600	c_5_10_iii	13.270000000000005	1.5379246305518373e-05
B_OD600	c_5_10_iii	24.103	0.050192778839242336
A_OD600	c_5_11_i	0.0	0.00011099132484512589
A_OD600	c_5_11_i	14.208	0.8199205359961768
A_OD600	c_5_11_i	25.344	0.7241610710734236
B_OD600	c_5_11_i	0.0	0.02250500753533042
B_OD600	c_5_11_i	14.208	0.060318924259767134
B_OD600	c_5_11_i	25.344	0.030266445482242187
A_OD600	c_5_11_ii	0.0	0.03386928213974371
A_OD600	c_5_11_ii	12.747999999999998	0.61446595901368
A_OD600	c_5_11_ii	23.8	0.6204229213869618
B_OD600	c_5_11_ii	0.0	-2.1588111430596025e-10
B_OD600	c_5_11_ii	12.747999999999998	-2.344030187046745e-09
B_OD600	c_5_11_ii	23.8	-6.173763418110439e-09
A_OD600	c_5_11_iii	0.0	0.03232934563646339
A_OD600	c_5_11_iii	12.967	0.6475041952017175
A_OD600	c_5_11_iii	22.00600000000001	0.6686774069516863
B_OD600	c_5_11_iii	0.0	0.0012720336833690212
B_OD600	c_5_11_iii	12.967	0.01076729098820682
B_OD600	c_5_11_iii	22.00600000000001	0.0155611757133412
A_OD600	c_5_12_i	0.0	0.00032129753430421736
A_OD600	c_5_12_i	14.375	0.43719336132884895
A_OD600	c_5_12_i	25.039	0.6095172018533357
B_OD600	c_5_12_i	0.0	0.039922733307803014
B_OD600	c_5_12_i	14.375	0.18996933066064198
B_OD600	c_5_12_i	25.039	0.09068142022294068
A_OD600	c_5_12_ii	0.0	0.029673806265223993
A_OD600	c_5_12_ii	14.219	0.6150102441457621
A_OD600	c_5_12_ii	23.772	0.6178746030558152
B_OD600	c_5_12_ii	0.0	0.005439052263589385
B_OD600	c_5_12_ii	14.219	0.023279734862238888
B_OD600	c_5_12_ii	23.772	0.025107346805390184
A_OD600	c_5_12_iii	0.0	0.03721029833781852
A_OD600	c_5_12_iii	12.456000000000005	0.612565053422732
B_OD600	c_5_12_iii	0.0	0.0035511561362092207
B_OD600	c_5_12_iii	12.456000000000005	0.014552220900454693
A_OD600	c_5_6_i	0.0	0.005084839830825373
A_OD600	c_5_6_i	15.0	0.32988003092844975
A_OD600	c_5_6_i	25.623	0.42322320180551554
B_OD600	c_5_6_i	0.0	0.016913779304085122
B_OD600	c_5_6_i	15.0	0.3676309641445465
B_OD600	c_5_6_i	25.623	0.26860201080496926
A_OD600	c_5_6_ii	0.0	0.004181405179314154
A_OD600	c_5_6_ii	13.944	0.2982635489344308
A_OD600	c_5_6_ii	23.71	0.4013465431009584
B_OD600	c_5_6_ii	0.0	0.01603456359369365
B_OD600	c_5_6_ii	13.944	0.39563580358042433
B_OD600	c_5_6_ii	23.71	0.29424601036905035
A_OD600	c_5_6_iii	0.0	0.02115623609772646
A_OD600	c_5_6_iii	13.027	0.4754510094445317
B_OD600	c_5_6_iii	0.0	0.014286323844247299
B_OD600	c_5_6_iii	13.027	0.19561192138944147
A_OD600	c_5_7_i	0.0	0.00925454720484128
A_OD600	c_5_7_i	14.65	0.21785702351045633
A_OD600	c_5_7_i	25.84	0.2243387689543559
B_OD600	c_5_7_i	0.0	0.015665720618724063
B_OD600	c_5_7_i	14.65	0.4252201720802628
B_OD600	c_5_7_i	25.84	0.4201721860988661
A_OD600	c_5_7_ii	0.0	0.011555849406464775
A_OD600	c_5_7_ii	13.435	0.21298330573474072
A_OD600	c_5_7_ii	23.027	0.2181705934714805
B_OD600	c_5_7_ii	0.0	0.020323793332332165
B_OD600	c_5_7_ii	13.435	0.4292420426496847
B_OD600	c_5_7_ii	23.027	0.4272799296942388
A_OD600	c_5_7_iii	0.0	0.00839735743335548
A_OD600	c_5_7_iii	13.793	0.18168252509120897
B_OD600	c_5_7_iii	0.0	0.017980106255086975
B_OD600	c_5_7_iii	13.793	0.46601433285329286
A_OD600	c_5_8_i	0.0	3.859856831774937e-08
A_OD600	c_5_8_i	13.833	0.9532427043629783
A_OD600	c_5_8_i	24.654	0.9969883239710469
B_OD600	c_5_8_i	0.0	0.030457306311370787
B_OD600	c_5_8_i	13.833	0.12765891272037744
B_OD600	c_5_8_i	24.654	0.053732401539095316
A_OD600	c_5_8_ii	0.0	0.05218814012477457
A_OD600	c_5_8_ii	13.879	0.8658855782173092
A_OD600	c_5_8_ii	23.784	0.9145383827779101
B_OD600	c_5_8_ii	0.0	0.00912575927070978
B_OD600	c_5_8_ii	13.879	0.037631791832163426
B_OD600	c_5_8_ii	23.784	0.04378129567272088
A_OD600	c_5_8_iii	0.0	0.03688258332542266
A_OD600	c_5_8_iii	12.887	0.9562361226519808
B_OD600	c_5_8_iii	0.0	0.025511795031984672
B_OD600	c_5_8_iii	12.887	0.04897555225758914
A_OD600	c_5_9_i	0.0	0.0004959828669953037
A_OD600	c_5_9_i	13.292	0.39099918710356935
A_OD600	c_5_9_i	24.194000000000003	0.5965857442721951
B_OD600	c_5_9_i	0.0	0.0637951065583212
B_OD600	c_5_9_i	13.292	0.18768088048392717
B_OD600	c_5_9_i	24.194000000000003	0.1447035344595784
A_OD600	c_5_9_ii	0.0	0.029603806784738205
A_OD600	c_5_9_ii	13.931	0.6142123549805752
A_OD600	c_5_9_ii	24.023000000000003	0.6128185277389963
B_OD600	c_5_9_ii	0.0	0.0018201706681829975
B_OD600	c_5_9_ii	13.931	0.020330932610219482
B_OD600	c_5_9_ii	24.023000000000003	0.05633495305410155
A_OD600	c_5_9_iii	0.0	0.0359341111695578
A_OD600	c_5_9_iii	12.505000000000004	0.6099574438051668
B_OD600	c_5_9_iii	0.0	0.003511591131162911
B_OD600	c_5_9_iii	12.505000000000004	0.02922583082022689
A_OD600	c_6	0.0	0.004706043116133781
A_OD600	c_6	0.5	0.006460821612135929
A_OD600	c_6	1.0	0.00818876618803947
A_OD600	c_6	1.5	0.011218617155406741
A_OD600	c_6	2.0	0.014189771195878284
A_OD600	c_6	2.5	0.01937016151153341
A_OD600	c_6	3.0	0.02441426169196485
A_OD600	c_6	3.5	0.03312513746894483
A_OD600	c_6	4.0	0.041506260777429
A_OD600	c_6	4.5	0.05575211656600174
A_OD600	c_6	5.0	0.0691940594987182
A_OD600	c_6	5.5	0.09147022454149492
A_OD600	c_6	6.0	0.11185859958417575
A_OD600	c_6	6.5	0.14437904648038327
A_OD600	c_6	7.0	0.17284859913911096
A_OD600	c_6	7.5	0.215912460870444
A_OD600	c_6	8.0	0.25145117640825143
A_OD600	c_6	8.5	0.3017805990910796
A_OD600	c_6	9.0	0.34053144894353266
A_OD600	c_6	9.5	0.3916140927923387
A_OD600	c_6	10.0	0.4282456755368368
A_OD600	c_6	10.5	0.4733662614318328
A_OD600	c_6	11.0	0.5037292546393327
A_OD600	c_6	11.5	0.5390740042605006
A_OD600	c_6	12.0	0.5616886784861234
A_OD600	c_6	12.5	0.5869231877395938
A_OD600	c_6	13.0	0.6024918655383263
A_OD600	c_6	13.5	0.6193629880805942
A_OD600	c_6	14.0	0.6295195143171164
A_OD600	c_6	14.5	0.6403167703545245
A_OD600	c_6	15.0	0.6467149528924104
A_OD600	c_6	15.5	0.6534349252718871
A_OD600	c_6	16.0	0.6573779246834333
A_OD600	c_6	16.5	0.6614884012738902
A_OD600	c_6	17.0	0.663885715024364
A_OD600	c_6	17.5	0.6663735128100081
A_OD600	c_6	18.0	0.6682350255010443
A_OD600	c_6	18.5	0.6693152160969987
A_OD600	c_6	19.0	0.6704319398260409
A_OD600	c_6	19.5	0.6710788808438742
A_OD600	c_6	20.0	0.6717468806762912
A_OD600	c_6	20.5	0.6721334854067375
A_OD600	c_6	21.0	0.6725323815596601
A_OD600	c_6	21.5	0.6727631067104637
A_OD600	c_6	22.0	0.6730010630252574
A_OD600	c_6	22.5	0.6731386507717545
A_OD600	c_6	23.0	0.6732805135668692
A_OD600	c_6	23.5	0.6733625222940677
A_OD600	c_6_10_i	0.0	0.004643250021615613
A_OD600	c_6_10_i	14.625	0.6495897012011055
A_OD600	c_6_10_i	25.506999999999998	0.680329007632725
B_OD600	c_6_10_i	0.0	0.010130959373298686
B_OD600	c_6_10_i	14.625	0.3974241834136594
B_OD600	c_6_10_i	25.506999999999998	0.4017274086470525
A_OD600	c_6_10_ii	0.0	0.039272502127159284
A_OD600	c_6_10_ii	13.371999999999995	0.6686821943893771
A_OD600	c_6_10_ii	23.743000000000002	0.680371705957405
B_OD600	c_6_10_ii	0.0	4.073123543656029e-05
B_OD600	c_6_10_ii	13.371999999999995	0.3072567125633605
B_OD600	c_6_10_ii	23.743000000000002	0.4016781214096154
A_OD600	c_6_10_iii	0.0	0.0013458913459146035
A_OD600	c_6_10_iii	13.127000000000002	0.5004426775015728
B_OD600	c_6_10_iii	0.0	0.00012171238130952791
B_OD600	c_6_10_iii	13.127000000000002	0.32284433942487484
A_OD600	c_6_11_i	0.0	0.0015359171087955883
A_OD600	c_6_11_i	13.544	0.5604100655471183
A_OD600	c_6_11_i	24.188000000000002	0.6998700056727486
B_OD600	c_6_11_i	0.0	0.02338415861963597
B_OD600	c_6_11_i	13.544	0.24642044162544335
B_OD600	c_6_11_i	24.188000000000002	0.32444768790340317
A_OD600	c_6_11_ii	0.0	0.0018681552095032225
A_OD600	c_6_11_ii	14.018000000000004	0.5833908099813092
A_OD600	c_6_11_ii	23.808000000000003	0.6742305809726437
B_OD600	c_6_11_ii	0.0	3.08953121019629e-08
B_OD600	c_6_11_ii	14.018000000000004	2.218417434545807e-05
B_OD600	c_6_11_ii	23.808000000000003	0.03315785874100967
A_OD600	c_6_11_iii	0.0	0.012480758803709625
A_OD600	c_6_11_iii	13.211999999999994	0.6477054587404648
B_OD600	c_6_11_iii	0.0	6.184089142311273e-06
B_OD600	c_6_11_iii	13.211999999999994	0.00860542162771545
A_OD600	c_6_12_i	0.0	0.01956935940694453
A_OD600	c_6_12_i	13.667	0.659573627027182
A_OD600	c_6_12_i	25.028000000000002	0.6734199397249158
B_OD600	c_6_12_i	0.0	0.008574129355339619
B_OD600	c_6_12_i	13.667	0.08505266495091258
B_OD600	c_6_12_i	25.028000000000002	0.1350651644733525
A_OD600	c_6_12_ii	0.0	0.04188609997493941
A_OD600	c_6_12_ii	12.972	0.6639716782713404
A_OD600	c_6_12_ii	24.361000000000004	0.673660713945774
B_OD600	c_6_12_ii	0.0	5.8182907044750344e-05
B_OD600	c_6_12_ii	12.972	0.0007431347873366661
B_OD600	c_6_12_ii	24.361000000000004	0.003743589576279639
A_OD600	c_6_12_iii	0.0	0.03933829804288656
A_OD600	c_6_12_iii	11.567	0.6523621464539633
A_OD600	c_6_12_iii	21.761000000000006	0.6735840976423582
B_OD600	c_6_12_iii	0.0	2.910532689436217e-05
B_OD600	c_6_12_iii	11.567	0.0003072022417911054
B_OD600	c_6_12_iii	21.761000000000006	0.0013375609461361163
A_OD600	c_6_7_i	0.0	0.009664074309015218
A_OD600	c_6_7_i	15.38	0.14916223126910103
A_OD600	c_6_7_i	26.464000000000002	0.10822153716550738
B_OD600	c_6_7_i	0.0	0.015766745188002623
B_OD600	c_6_7_i	15.38	0.463413317547297
B_OD600	c_6_7_i	26.464000000000002	0.521022781425863
A_OD600	c_6_7_ii	0.0	0.012327032838568544
A_OD600	c_6_7_ii	13.195999999999998	0.1572058941851887
A_OD600	c_6_7_ii	23.011000000000006	0.12655683846371518
B_OD600	c_6_7_ii	0.0	0.02042720256775948
B_OD600	c_6_7_ii	13.195999999999998	0.44992813425366834
B_OD600	c_6_7_ii	23.011000000000006	0.4955386199775315
A_OD600	c_6_7_iii	0.0	0.00671993862657966
A_OD600	c_6_7_iii	14.033	0.08981771057595729
B_OD600	c_6_7_iii	0.0	0.016599213607156865
B_OD600	c_6_7_iii	14.033	0.5435647077855337
A_OD600	c_6_8_i	0.0	0.00014438397555293793
A_OD600	c_6_8_i	13.667	0.9365033343951253
A_OD600	c_6_8_i	25.028000000000002	0.973425703725372
B_OD600	c_6_8_i	0.0	0.02312137015024234
B_OD600	c_6_8_i	13.667	0.1106729029889517
B_OD600	c_6_8_i	25.028000000000002	0.08323362068121992
A_OD600	c_6_8_ii	0.0	0.041501024387027435
A_OD600	c_6_8_ii	12.972	0.9426995293511552
A_OD600	c_6_8_ii	24.361000000000004	0.9550986073549899
B_OD600	c_6_8_ii	0.0	0.02786631156537229
B_OD600	c_6_8_ii	12.972	0.07724704565920833
B_OD600	c_6_8_ii	24.361000000000004	0.07928967731021111
A_OD600	c_6_8_iii	0.0	0.04527207547432328
A_OD600	c_6_8_iii	11.567	0.9500899520987125
A_OD600	c_6_8_iii	21.761000000000006	0.9567147857045587
B_OD600	c_6_8_iii	0.0	0.034487856480721044
B_OD600	c_6_8_iii	11.567	0.07960065846878668
B_OD600	c_6_8_iii	21.761000000000006	0.07964223796009674
A_OD600	c_6_9_i	0.0	0.02456085448892677
A_OD600	c_6_9_i	12.958	0.32409662113544774
A_OD600	c_6_9_i	25.006999999999998	0.2825477887680925
B_OD600	c_6_9_i	0.0	0.037777263856700515
B_OD600	c_6_9_i	12.958	0.40365490467582976
B_OD600	c_6_9_i	25.006999999999998	0.4016489262053756
A_OD600	c_6_9_ii	0.0	0.0037164291889942185
A_OD600	c_6_9_ii	13.100999999999996	0.3805586923423197
A_OD600	c_6_9_ii	23.41	0.2851416397144461
B_OD600	c_6_9_ii	0.0	0.010715903555506334
B_OD600	c_6_9_ii	13.100999999999996	0.3078524647178837
B_OD600	c_6_9_ii	23.41	0.40651954007368113
A_OD600	c_6_9_iii	0.0	0.03307727218860722
A_OD600	c_6_9_iii	12.892999999999999	0.3196534049260872
B_OD600	c_6_9_iii	0.0	0.03972354941854579
B_OD600	c_6_9_iii	12.892999999999999	0.4086868667907641
A_OD600	c_7	0.0	0.012071405646787695
A_OD600	c_7	0.5	0.01733614906732766
A_OD600	c_7	1.0	0.022689745726354633
A_OD600	c_7	1.5	0.03234462970054537
A_OD600	c_7	2.0	0.04201785601639468
A_OD600	c_7	2.5	0.05910600079349006
A_OD600	c_7	3.0	0.07578352294257737
A_OD600	c_7	3.5	0.10422004509207047
A_OD600	c_7	4.0	0.13079029641109013
A_OD600	c_7	4.5	0.17363095206630233
A_OD600	c_7	5.0	0.21111870393348925
A_OD600	c_7	5.5	0.26701800571734524
A_OD600	c_7	6.0	0.3119068006591911
A_OD600	c_7	6.5	0.372895993805101
A_OD600	c_7	7.0	0.41744844729566344
A_OD600	c_7	7.5	0.47263962341918525
A_OD600	c_7	8.0	0.5095957463532362
A_OD600	c_7	8.5	0.5519801146297859
A_OD600	c_7	9.0	0.578494258637576
A_OD600	c_7	9.5	0.6072538299946919
A_OD600	c_7	10.0	0.6244211358764167
A_OD600	c_7	10.5	0.6423773906196838
A_OD600	c_7	11.0	0.6527835164165242
A_OD600	c_7	11.5	0.6634293857462791
A_OD600	c_7	12.0	0.6694909412867871
A_OD600	c_7	12.5	0.675612372882713
A_OD600	c_7	13.0	0.679062432239251
A_OD600	c_7	13.5	0.6825209385353446
A_OD600	c_7	14.0	0.684458936755675
A_OD600	c_7	14.5	0.6863936289849094
A_OD600	c_7	15.0	0.687474244752099
A_OD600	c_7	15.5	0.6885505204676382
A_OD600	c_7	16.0	0.6891505885256295
A_OD600	c_7	16.5	0.6897474777810535
A_OD600	c_7	17.0	0.6900799356399523
A_OD600	c_7	17.5	0.6904103965489138
A_OD600	c_7	18.0	0.6906460062342629
A_OD600	c_7	18.5	0.6907771386718481
A_OD600	c_7	19.0	0.690907413737701
A_OD600	c_7	19.5	0.6909799046398669
A_OD600	c_7	20.0	0.6910519103795726
A_OD600	c_7	20.5	0.6910919727759331
A_OD600	c_7	21.0	0.6911317636243365
A_OD600	c_7	21.5	0.6911539008937716
A_OD600	c_7	22.0	0.6911758870695467
A_OD600	c_7	22.5	0.6911881184239004
A_OD600	c_7	23.0	0.6912002659766586
A_OD600	c_7	23.5	0.6912070237684443
A_OD600	c_7_10_i	0.0	0.000710341021453583
A_OD600	c_7_10_i	11.0	0.39181026338695024
A_OD600	c_7_10_i	22.5	0.7342123470435967
B_OD600	c_7_10_i	0.0	0.00014364071105862542
B_OD600	c_7_10_i	11.0	0.1660863753167801
B_OD600	c_7_10_i	22.5	0.25648289803752977
A_OD600	c_7_10_ii	0.0	0.0019904935745349056
A_OD600	c_7_10_ii	12.0	0.589121947135056
A_OD600	c_7_10_ii	23.23	0.6910843340948604
B_OD600	c_7_10_ii	0.0	7.396781800820684e-14
B_OD600	c_7_10_ii	12.0	2.6175695983644916e-10
B_OD600	c_7_10_ii	23.23	1.0139388431121674e-07
A_OD600	c_7_10_iii	0.0	0.0008740235705545369
A_OD600	c_7_10_iii	13.270000000000005	0.5898291694725287
A_OD600	c_7_10_iii	24.103	0.6910435620447808
B_OD600	c_7_10_iii	0.0	1.315560057867221e-14
B_OD600	c_7_10_iii	13.270000000000005	1.1984860202455453e-10
B_OD600	c_7_10_iii	24.103	3.7082982566714675e-08
A_OD600	c_7_11_i	0.0	0.028086981478443934
A_OD600	c_7_11_i	13.905999999999999	0.6881628465535026
A_OD600	c_7_11_i	24.425	0.6912245825935961
B_OD600	c_7_11_i	0.0	-9.414240951262542e-10
B_OD600	c_7_11_i	13.905999999999999	-6.931676063191673e-09
B_OD600	c_7_11_i	24.425	-9.28833892264746e-09
A_OD600	c_7_11_ii	0.0	0.042319641933961906
A_OD600	c_7_11_ii	13.842000000000002	0.5613845025758846
A_OD600	c_7_11_ii	23.387	0.5603002199697277
B_OD600	c_7_11_ii	0.0	0.008511107108803397
B_OD600	c_7_11_ii	13.842000000000002	0.035502858015772944
B_OD600	c_7_11_ii	23.387	0.036605666029949496
A_OD600	c_7_11_iii	0.0	0.026193278505727315
A_OD600	c_7_11_iii	14.263000000000005	0.5949966430554899
B_OD600	c_7_11_iii	0.0	0.004400573212318499
B_OD600	c_7_11_iii	14.263000000000005	0.026252920737572134
A_OD600	c_7_12_i	0.0	0.02042865803275598
A_OD600	c_7_12_i	14.208	0.6455197230891169
A_OD600	c_7_12_i	25.344	0.6412755866532412
B_OD600	c_7_12_i	0.0	0.002155150430902337
B_OD600	c_7_12_i	14.208	0.011375564334807783
B_OD600	c_7_12_i	25.344	0.013650509372436621
A_OD600	c_7_12_ii	0.0	0.028603255705060844
A_OD600	c_7_12_ii	12.747999999999998	0.5514835302794513
A_OD600	c_7_12_ii	23.8	0.5092195614128675
B_OD600	c_7_12_ii	0.0	0.0077417258417850346
B_OD600	c_7_12_ii	12.747999999999998	0.03679549750426738
B_OD600	c_7_12_ii	23.8	0.05170403629964993
A_OD600	c_7_12_iii	0.0	0.023133839658340257
A_OD600	c_7_12_iii	12.967	0.5877846956298957
A_OD600	c_7_12_iii	22.00600000000001	0.5727077798112432
B_OD600	c_7_12_iii	0.0	0.0051712679552370555
B_OD600	c_7_12_iii	12.967	0.02628253637866858
B_OD600	c_7_12_iii	22.00600000000001	0.033001493037388294
A_OD600	c_7_8_i	0.0	0.00036924918351104516
A_OD600	c_7_8_i	14.889000000000001	1.1261174412534678
A_OD600	c_7_8_i	25.613000000000003	1.1114623875365155
B_OD600	c_7_8_i	0.0	0.012979395905576374
B_OD600	c_7_8_i	14.889000000000001	0.0800788311759179
B_OD600	c_7_8_i	25.613000000000003	0.0768996847936874
A_OD600	c_7_8_ii	0.0	0.05707286460055639
A_OD600	c_7_8_ii	13.170000000000002	0.7048081604096362
A_OD600	c_7_8_ii	23.491	0.7708233136038007
B_OD600	c_7_8_ii	0.0	0.0002683142784787535
B_OD600	c_7_8_ii	13.170000000000002	0.0036563851469994346
B_OD600	c_7_8_ii	23.491	0.017558058090373783
A_OD600	c_7_8_iii	0.0	0.03822224780362529
A_OD600	c_7_8_iii	13.950000000000005	0.814873295873805
B_OD600	c_7_8_iii	0.0	0.0022403761590346133
B_OD600	c_7_8_iii	13.950000000000005	0.026808143945600264
A_OD600	c_7_9_i	0.0	0.009911673642352242
A_OD600	c_7_9_i	13.833	0.5345169461812407
A_OD600	c_7_9_i	24.511	0.5609159043045844
B_OD600	c_7_9_i	0.0	0.03124960597994012
B_OD600	c_7_9_i	13.833	0.11014902502413082
B_OD600	c_7_9_i	24.511	0.10284150062290573
A_OD600	c_7_9_ii	0.0	0.0010494135101288698
A_OD600	c_7_9_ii	13.706	0.4940485061289336
A_OD600	c_7_9_ii	23.461	0.572787422602427
B_OD600	c_7_9_ii	0.0	0.009024954456906343
B_OD600	c_7_9_ii	13.706	0.08850674935186004
B_OD600	c_7_9_ii	23.461	0.09435848965266852
A_OD600	c_7_9_iii	0.0	0.0007726287444173947
A_OD600	c_7_9_iii	13.906	0.5844831299220951
B_OD600	c_7_9_iii	0.0	0.0013521376984117655
B_OD600	c_7_9_iii	13.906	0.022684222802966066
A_OD600	c_8	0.0	0.018761740581626364
A_OD600	c_8	0.5	0.021443618637937756
A_OD600	c_8	1.0	0.02366416018211238
A_OD600	c_8	1.5	0.02692022449486259
A_OD600	c_8	2.0	0.02959334193866102
A_OD600	c_8	2.5	0.03347622194181568
A_OD600	c_8	3.0	0.03663173278744397
A_OD600	c_8	3.5	0.041164581931219094
A_OD600	c_8	4.0	0.044804860016224975
A_OD600	c_8	4.5	0.04996739481116578
A_OD600	c_8	5.0	0.0540576549133547
A_OD600	c_8	5.5	0.059775353820943136
A_OD600	c_8	6.0	0.06423799657801371
A_OD600	c_8	6.5	0.07037898427236804
A_OD600	c_8	7.0	0.07509523252178048
A_OD600	c_8	7.5	0.08147835577196251
A_OD600	c_8	8.0	0.0862988015305443
A_OD600	c_8	8.5	0.09271320074572909
A_OD600	c_8	9.0	0.09747588949781602
A_OD600	c_8	9.5	0.10370808180163128
A_OD600	c_8	10.0	0.10825974410568216
A_OD600	c_8	10.5	0.11412111276775702
A_OD600	c_8	11.0	0.11833584447259114
A_OD600	c_8	11.5	0.12368335265351267
A_OD600	c_8	12.0	0.12747423728547166
A_OD600	c_8	12.5	0.13222014841084367
A_OD600	c_8	13.0	0.1355422190860546
A_OD600	c_8	13.5	0.13965276714772654
A_OD600	c_8	14.0	0.14249863471720217
A_OD600	c_8	14.5	0.14598476739931024
A_OD600	c_8	15.0	0.14837588899175203
A_OD600	c_8	15.5	0.15128033921291054
A_OD600	c_8	16.0	0.1532570155234707
A_OD600	c_8	16.5	0.1556413367303136
A_OD600	c_8	17.0	0.157253661525593
A_OD600	c_8	17.5	0.15918743909005129
A_OD600	c_8	18.0	0.16089533278006565
A_OD600	c_8	18.5	0.16204137398701202
A_OD600	c_8	19.0	0.16340658168144792
A_OD600	c_8	19.5	0.16431930639183254
A_OD600	c_8	20.0	0.16540307302652052
A_OD600	c_8	20.5	0.16612552190585206
A_OD600	c_8	21.0	0.16698116502887156
A_OD600	c_8	21.5	0.16755022883554754
A_OD600	c_8	22.0	0.1682228517499894
A_OD600	c_8	22.5	0.1686693822240442
A_OD600	c_8	23.0	0.16919633926468217
A_OD600	c_8	23.5	0.16954566969230814
A_OD600	c_8_10_i	0.0	0.02803417231923086
A_OD600	c_8_10_i	15.417	0.15108568643374123
A_OD600	c_8_10_i	26.0	0.15789486384780702
B_OD600	c_8_10_i	0.0	3.8332860827383935e-05
B_OD600	c_8_10_i	15.417	0.3417157601963133
B_OD600	c_8_10_i	26.0	0.37948132428550285
A_OD600	c_8_10_ii	0.0	0.026532378916510925
A_OD600	c_8_10_ii	13.542000000000002	0.13582054880820063
A_OD600	c_8_10_ii	23.944000000000006	0.15624839918594152
B_OD600	c_8_10_ii	0.0	0.0157204940047275
B_OD600	c_8_10_ii	13.542000000000002	0.37608808024418056
B_OD600	c_8_10_ii	23.944000000000006	0.37927819653705763
A_OD600	c_8_10_iii	0.0	0.03738125522936929
A_OD600	c_8_10_iii	12.473	0.13938062231644732
B_OD600	c_8_10_iii	0.0	0.018120326073773247
B_OD600	c_8_10_iii	12.473	0.37608263995583785
A_OD600	c_8_11_i	0.0	0.019821420977074466
A_OD600	c_8_11_i	13.360999999999999	0.11717847293780582
A_OD600	c_8_11_i	24.146	0.060779039841103125
B_OD600	c_8_11_i	0.0	0.0001336079442106009
B_OD600	c_8_11_i	13.360999999999999	0.1310612568228857
B_OD600	c_8_11_i	24.146	0.22420849038545926
A_OD600	c_8_11_ii	0.0	0.008113186304911918
A_OD600	c_8_11_ii	12.604000000000001	0.05669947200948081
A_OD600	c_8_11_ii	24.142	0.05315237752566386
B_OD600	c_8_11_ii	0.0	0.0050026302028991785
B_OD600	c_8_11_ii	12.604000000000001	0.17890425028964066
B_OD600	c_8_11_ii	24.142	0.2107788968442822
A_OD600	c_8_11_iii	0.0	0.022224088188212247
A_OD600	c_8_11_iii	12.004000000000005	0.06424979061174656
A_OD600	c_8_11_iii	23.712000000000003	0.05334278310518214
B_OD600	c_8_11_iii	0.0	0.010967468662561564
B_OD600	c_8_11_iii	12.004000000000005	0.21121907390164588
B_OD600	c_8_11_iii	23.712000000000003	0.21140950038156842
A_OD600	c_8_12_i	0.0	0.0121361641061567
A_OD600	c_8_12_i	13.667	0.10653592281571676
A_OD600	c_8_12_i	24.361	0.13806925800597258
B_OD600	c_8_12_i	0.0	0.005873077848650571
B_OD600	c_8_12_i	13.667	0.052171957990947676
B_OD600	c_8_12_i	24.361	0.055781291469684254
A_OD600	c_8_12_ii	0.0	0.0199472400403983
A_OD600	c_8_12_ii	12.221999999999998	0.13065326835953273
A_OD600	c_8_12_ii	24.25	0.16824545855697784
B_OD600	c_8_12_ii	0.0	0.0005263761051896647
B_OD600	c_8_12_ii	12.221999999999998	0.0034418383778247125
B_OD600	c_8_12_ii	24.25	0.0035349860336393616
A_OD600	c_8_12_iii	0.0	0.02614946625558921
A_OD600	c_8_12_iii	11.278000000000004	0.13345138272179316
A_OD600	c_8_12_iii	23.389000000000006	0.1704033744562256
B_OD600	c_8_12_iii	0.0	6.407033941957249e-08
B_OD600	c_8_12_iii	11.278000000000004	3.219075212220316e-07
B_OD600	c_8_12_iii	23.389000000000006	3.263062016680477e-07
A_OD600	c_8_9_i	0.0	6.852385315974106e-07
A_OD600	c_8_9_i	11.0	2.1042796099566938e-05
A_OD600	c_8_9_i	22.5	0.0404211193614405
B_OD600	c_8_9_i	0.0	0.0022585367312307845
B_OD600	c_8_9_i	11.0	0.03349731382184344
B_OD600	c_8_9_i	22.5	0.1720808919576766
A_OD600	c_8_9_ii	0.0	0.01110245312217074
A_OD600	c_8_9_ii	12.0	0.1065331841682842
A_OD600	c_8_9_ii	23.23	0.1669517421249349
B_OD600	c_8_9_ii	0.0	1.0985077823799901e-09
B_OD600	c_8_9_ii	12.0	1.2959404654406372e-08
B_OD600	c_8_9_ii	23.23	4.161430720375999e-08
A_OD600	c_8_9_iii	0.0	0.010069861206088517
A_OD600	c_8_9_iii	13.270000000000005	0.2895003185889785
A_OD600	c_8_9_iii	24.103	0.2420828833585769
B_OD600	c_8_9_iii	0.0	0.025966323099425002
B_OD600	c_8_9_iii	13.270000000000005	0.04730187372626743
B_OD600	c_8_9_iii	24.103	0.02639621600198323
A_OD600	c_9	0.0	0.0026273237701215976
A_OD600	c_9	0.5	0.0030402295560135223
A_OD600	c_9	1.0	0.003391330235061094
A_OD600	c_9	1.5	0.0039222206502938775
A_OD600	c_9	2.0	0.004373202246854643
A_OD600	c_9	2.5	0.005054347572689161
A_OD600	c_9	3.0	0.005632238842096615
A_OD600	c_9	3.5	0.006503797055316657
A_OD600	c_9	4.0	0.007242044650814221
A_OD600	c_9	4.5	0.008353384123502668
A_OD600	c_9	5.0	0.009292801962629299
A_OD600	c_9	5.5	0.010703644790802264
A_OD600	c_9	6.0	0.011893122080809164
A_OD600	c_9	6.5	0.013674182504310935
A_OD600	c_9	7.0	0.015170844293119655
A_OD600	c_9	7.5	0.01740346177012004
A_OD600	c_9	8.0	0.01927183331427528
A_OD600	c_9	8.5	0.02204590414509515
A_OD600	c_9	9.0	0.024355490082426334
A_OD600	c_9	9.5	0.027764846057964723
A_OD600	c_9	10.0	0.030585464165929967
A_OD600	c_9	10.5	0.03471985311495879
A_OD600	c_9	11.0	0.038114176787622966
A_OD600	c_9	11.5	0.04304735292984177
A_OD600	c_9	12.0	0.04706056857423513
A_OD600	c_9	12.5	0.05283489702712775
A_OD600	c_9	13.0	0.057482289568056705
A_OD600	c_9	13.5	0.06409177344380045
A_OD600	c_9	14.0	0.06934635223769098
A_OD600	c_9	14.5	0.07672180877973359
A_OD600	c_9	15.0	0.08250536726488164
A_OD600	c_9	15.5	0.09050679924679161
A_OD600	c_9	16.0	0.09668828710280875
A_OD600	c_9	16.5	0.10510917442472183
A_OD600	c_9	17.0	0.11151314629691873
A_OD600	c_9	17.5	0.12009866573246838
A_OD600	c_9	18.0	0.12865523569143406
A_OD600	c_9	18.5	0.13500031795777062
A_OD600	c_9	19.0	0.14329644777529515
A_OD600	c_9	19.5	0.14935321144113708
A_OD600	c_9	20.0	0.15715340871629957
A_OD600	c_9	20.5	0.1627650156729583
A_OD600	c_9	21.0	0.16989123735596
A_OD600	c_9	21.5	0.17494942414661405
A_OD600	c_9	22.0	0.1812920921426429
A_OD600	c_9	22.5	0.18574037218747538
A_OD600	c_9	23.0	0.19125649559209715
A_OD600	c_9	23.5	0.19508481968964786
A_OD600	c_9_10_i	0.0	2.523760199466651e-05
A_OD600	c_9_10_i	12.083	0.0034550411193644
A_OD600	c_9_10_i	23.35	0.23817384493778315
B_OD600	c_9_10_i	0.0	0.016071543286225454
B_OD600	c_9_10_i	12.083	0.36135225019809003
B_OD600	c_9_10_i	23.35	0.2348528050980256
A_OD600	c_9_10_ii	0.0	0.023953251157067316
A_OD600	c_9_10_ii	10.65	0.2278949162131313
A_OD600	c_9_10_ii	24.594	0.31021892084926916
B_OD600	c_9_10_ii	0.0	0.003405293485801002
B_OD600	c_9_10_ii	10.65	0.20212788430699888
B_OD600	c_9_10_ii	24.594	0.12955785756466462
A_OD600	c_9_10_iii	0.0	0.010364789887686195
A_OD600	c_9_10_iii	11.055999999999996	0.23454504263063553
A_OD600	c_9_10_iii	24.056	0.3107628622587356
B_OD600	c_9_10_iii	0.0	0.016027142990616985
B_OD600	c_9_10_iii	11.055999999999996	0.23067943999098084
B_OD600	c_9_10_iii	24.056	0.1296299710027231
A_OD600	c_9_11_i	0.0	0.0010768329757014192
A_OD600	c_9_11_i	13.833	0.07944318126732527
A_OD600	c_9_11_i	24.541999999999998	0.37715581916021773
B_OD600	c_9_11_i	0.0	0.003205351694094231
B_OD600	c_9_11_i	13.833	0.10200410603504853
B_OD600	c_9_11_i	24.541999999999998	0.09160429836525671
A_OD600	c_9_11_ii	0.0	0.024362975823796526
A_OD600	c_9_11_ii	14.625	0.3639076197967938
A_OD600	c_9_11_ii	24.125	0.3710070034609028
B_OD600	c_9_11_ii	0.0	0.022954941132731676
B_OD600	c_9_11_ii	14.625	0.0910371355747627
B_OD600	c_9_11_ii	24.125	0.08351057193498536
A_OD600	c_9_11_iii	0.0	0.028453421913053764
A_OD600	c_9_11_iii	11.665999999999995	0.2536093031039586
B_OD600	c_9_11_iii	0.0	0.005343324735567843
B_OD600	c_9_11_iii	11.665999999999995	0.0714241784538166
A_OD600	c_9_12_i	0.0	0.00047620378894559144
A_OD600	c_9_12_i	13.5	0.014837183115444711
A_OD600	c_9_12_i	24.0	0.1127800712585221
B_OD600	c_9_12_i	0.0	1.241766381169023e-05
B_OD600	c_9_12_i	13.5	0.0005253211896180742
B_OD600	c_9_12_i	24.0	0.004690479346223872
A_OD600	c_9_12_ii	0.0	0.015618376662998283
A_OD600	c_9_12_ii	10.0	0.0983886185231289
A_OD600	c_9_12_ii	24.0	0.14952173517025713
B_OD600	c_9_12_ii	0.0	0.0016192084307177902
B_OD600	c_9_12_ii	10.0	0.013023529794714318
B_OD600	c_9_12_ii	24.0	0.03626878190282044
A_OD600	c_9_12_iii	0.0	0.018489544886426748
A_OD600	c_9_12_iii	12.0	0.12897760160541077
A_OD600	c_9_12_iii	24.0	0.16385453844088516
B_OD600	c_9_12_iii	0.0	0.0016410370693743588
B_OD600	c_9_12_iii	12.0	0.015023717267267582
B_OD600	c_9_12_iii	24.0	0.028716280924846075
